agency_cd,site_no,datetime,mean_discharge_CFS,128885_00060_00003_cd,mean_gauge_height,233781_00065_00003_cd,mean_guage_height_2,244203_00065_00003_cd,mean_nitrate_nitrite,265807_99133_00003_cd
USGS,6481000,4/7/2017,947,A,,,,,2.23,A
USGS,6481000,4/8/2017,925,A,,,,,2.21,A
USGS,6481000,4/9/2017,924,A,,,,,2.18,A
USGS,6481000,4/10/2017,907,A,,,,,2.23,A
USGS,6481000,4/11/2017,907,A,,,,,2.28,A
USGS,6481000,4/12/2017,907,A,,,,,2.37,A
USGS,6481000,4/13/2017,911,A,,,,,2.41,A
USGS,6481000,4/14/2017,907,A,,,,,2.39,A
USGS,6481000,4/15/2017,908,A,,,,,2.37,A
USGS,6481000,4/16/2017,900,A,,,,,2.24,A
USGS,6481000,4/17/2017,868,A,,,,,2,A
USGS,6481000,4/18/2017,840,A,,,,,1.74,A
USGS,6481000,4/19/2017,855,A,,,,,1.61,A
USGS,6481000,4/20/2017,880,A,,,,,1.76,A
USGS,6481000,4/21/2017,909,A,,,,,1.98,A
USGS,6481000,4/22/2017,925,A,,,,,1.95,A
USGS,6481000,4/23/2017,913,A,,,,,1.92,A
USGS,6481000,4/24/2017,893,A,,,,,1.87,A
USGS,6481000,4/25/2017,871,A,,,,,1.85,A
USGS,6481000,4/26/2017,836,A,,,,,1.78,A
USGS,6481000,4/27/2017,808,A,,,,,1.84,A
USGS,6481000,4/28/2017,798,A,,,,,1.98,A
USGS,6481000,4/29/2017,778,A,,,,,2,A
USGS,6481000,4/30/2017,765,A:e,,,,,2.17,A
USGS,6481000,5/1/2017,917,A:e,,,,,,
USGS,6481000,5/2/2017,1210,A:e,,,,,,
USGS,6481000,5/3/2017,1350,A,,,,,3.89,A
USGS,6481000,5/4/2017,1350,A,,,,,4.08,A
USGS,6481000,5/5/2017,1330,A,,,,,3.78,A
USGS,6481000,5/6/2017,1290,A,,,,,3.44,A
USGS,6481000,5/7/2017,1210,A,,,,,3.1,A
USGS,6481000,5/8/2017,1100,A,,,,,2.8,A
USGS,6481000,5/9/2017,1010,A,,,,,2.38,A
USGS,6481000,5/10/2017,930,A,,,,,2.17,A
USGS,6481000,5/11/2017,872,A,,,,,2.06,A
USGS,6481000,5/12/2017,826,A,,,,,1.91,A
USGS,6481000,5/13/2017,779,A,,,,,1.71,A
USGS,6481000,5/14/2017,742,A,,,,,1.48,A
USGS,6481000,5/15/2017,708,A,,,,,1.4,A
USGS,6481000,5/16/2017,681,A,,,,,1.33,A
USGS,6481000,5/17/2017,770,A,,,,,1.6,A
USGS,6481000,5/18/2017,1020,A,,,,,2.91,A
USGS,6481000,5/19/2017,1340,A,,,,,4.48,A
USGS,6481000,5/20/2017,1570,A,,,,,4.87,A
USGS,6481000,5/21/2017,1930,A:e,,,,,5.44,A
USGS,6481000,5/22/2017,2230,A:e,,,,,,
USGS,6481000,5/23/2017,2340,A:e,,,,,,
USGS,6481000,5/24/2017,2390,A:e,,,,,,
USGS,6481000,5/25/2017,2370,A:e,,,,,,
USGS,6481000,5/26/2017,2310,A:e,,,,,,
USGS,6481000,5/27/2017,2190,A:e,,,,,,
USGS,6481000,5/28/2017,2060,A:e,,,,,,
USGS,6481000,5/29/2017,1880,A:e,,,,,,
USGS,6481000,5/30/2017,1680,A:e,,,,,,
USGS,6481000,5/31/2017,1490,A:e,,,,,,
USGS,6481000,6/1/2017,1340,A,,,,,3.75,A
USGS,6481000,6/2/2017,1220,A,,,,,3.61,A
USGS,6481000,6/3/2017,1130,A,,,,,3.39,A
USGS,6481000,6/4/2017,1050,A,,,,,3.13,A
USGS,6481000,6/5/2017,957,A,,,,,2.8,A
USGS,6481000,6/6/2017,885,A,,,,,2.54,A
USGS,6481000,6/7/2017,827,A,,,,,2.33,A
USGS,6481000,6/8/2017,774,A,,,,,2.28,A
USGS,6481000,6/9/2017,716,A,,,,,2.26,A
USGS,6481000,6/10/2017,668,A,,,,,2.21,A
USGS,6481000,6/11/2017,646,A,,,,,2.3,A
USGS,6481000,6/12/2017,670,A,,,,,2.48,A
USGS,6481000,6/13/2017,834,A,,,,,2.9,A
USGS,6481000,6/14/2017,1010,A,,,,,3.69,A
USGS,6481000,6/15/2017,1210,A,,,,,4.68,A
USGS,6481000,6/16/2017,1150,A,,,,,4.82,A
USGS,6481000,6/17/2017,1110,A,,,,,4.74,A
USGS,6481000,6/18/2017,1060,A,,,,,4.6,A
USGS,6481000,6/19/2017,997,A,,,,,4.03,A
USGS,6481000,6/20/2017,925,A,,,,,2.84,A
USGS,6481000,6/21/2017,867,A,,,,,2.31,A
USGS,6481000,6/22/2017,810,A,,,,,2.44,A
USGS,6481000,6/23/2017,753,A,,,,,2.55,A
USGS,6481000,6/24/2017,708,A,,,,,2.22,A
USGS,6481000,6/25/2017,697,A,,,,,1.89,A
USGS,6481000,6/26/2017,755,A,,,,,1.46,A
USGS,6481000,6/27/2017,721,A,,,,,2.3,A
USGS,6481000,6/28/2017,668,A,,,,,2.71,A
USGS,6481000,6/29/2017,624,A,,,,,2.35,A
USGS,6481000,6/30/2017,574,A,,,,,2.24,A
USGS,6481000,7/1/2017,538,A,,,,,2.02,A
USGS,6481000,7/2/2017,508,A,,,,,1.82,A
USGS,6481000,7/3/2017,473,A,,,,,1.61,A
USGS,6481000,7/4/2017,439,A,,,,,1.43,A
USGS,6481000,7/5/2017,410,A,,,,,1.13,A
USGS,6481000,7/6/2017,383,A,,,,,0.93,A
USGS,6481000,7/7/2017,359,A,,,,,0.79,A
USGS,6481000,7/8/2017,336,A,,,,,0.66,A
USGS,6481000,7/9/2017,314,A,,,,,0.52,A
USGS,6481000,7/10/2017,298,A,,,,,0.5,A
USGS,6481000,7/11/2017,285,A,,,,,0.49,A
USGS,6481000,7/12/2017,271,A,,,,,0.54,A
USGS,6481000,7/13/2017,260,A,,,,,0.48,A
USGS,6481000,7/14/2017,280,A,,,,,0.46,A
USGS,6481000,7/15/2017,427,A,,,,,0.49,A
USGS,6481000,7/16/2017,489,A,,,,,0.96,A
USGS,6481000,7/17/2017,449,A,,,,,0.49,A
USGS,6481000,7/18/2017,386,A,,,,,0.32,A
USGS,6481000,7/19/2017,329,A,,,,,0.3,A
USGS,6481000,7/20/2017,309,A,,,,,0.29,A
USGS,6481000,7/21/2017,319,A,,,,,0.26,A
USGS,6481000,7/22/2017,384,A,,,,,0.28,A
USGS,6481000,7/23/2017,751,A,,,,,0.49,A
USGS,6481000,7/24/2017,1020,A,,,,,1.26,A
USGS,6481000,7/25/2017,885,A,,,,,1.21,A
USGS,6481000,7/26/2017,762,A,,,,,1.08,A
USGS,6481000,7/27/2017,667,A,,,,,0.91,A
USGS,6481000,7/28/2017,747,A,,,,,0.39,A
USGS,6481000,7/29/2017,856,A,,,,,0.61,A
USGS,6481000,7/30/2017,953,A,,,,,0.94,A
USGS,6481000,7/31/2017,980,A,,,,,0.86,A
USGS,6481000,8/1/2017,837,A,,,,,0.81,A
USGS,6481000,8/2/2017,668,A,,,,,0.78,A
USGS,6481000,8/3/2017,559,A,,,,,0.84,A
USGS,6481000,8/4/2017,502,A,,,,,0.59,A
USGS,6481000,8/5/2017,453,A,,,,,0.16,A
USGS,6481000,8/6/2017,424,A,,,,,0.14,A
USGS,6481000,8/7/2017,404,A,,,,,0.12,A
USGS,6481000,8/8/2017,393,A,,,,,0.11,A
USGS,6481000,8/9/2017,434,A,,,,,0.1,A
USGS,6481000,8/10/2017,439,A,,,,,0.11,A
USGS,6481000,8/11/2017,409,A,,,,,0.09,A
USGS,6481000,8/12/2017,399,A,,,,,0.02,A
USGS,6481000,8/13/2017,406,A,,,,,0.08,A
USGS,6481000,8/14/2017,402,A,,,,,0.07,A
USGS,6481000,8/15/2017,378,A,,,,,0.07,A
USGS,6481000,8/16/2017,394,A,,,,,0.03,A
USGS,6481000,8/17/2017,500,A,,,,,0.02,A
USGS,6481000,8/18/2017,722,A,,,,,0.14,A
USGS,6481000,8/19/2017,985,A,,,,,0.91,A
USGS,6481000,8/20/2017,1130,A,,,,,1.23,A
USGS,6481000,8/21/2017,1190,A,,,,,1.02,A
USGS,6481000,8/22/2017,1180,A,,,,,1.16,A
USGS,6481000,8/23/2017,1060,A,,,,,1.33,A
USGS,6481000,8/24/2017,871,A,,,,,1.33,A
USGS,6481000,8/25/2017,760,A,,,,,1.31,A
USGS,6481000,8/26/2017,754,A,,,,,1.32,A
USGS,6481000,8/27/2017,709,A,,,,,1,A
USGS,6481000,8/28/2017,807,A,,,,,1.06,A
USGS,6481000,8/29/2017,952,A,,,,,1.34,A
USGS,6481000,8/30/2017,1050,A,,,,,1.4,A
USGS,6481000,8/31/2017,1070,A,,,,,1.4,A
USGS,6481000,9/1/2017,944,A,,,,,1.49,A
USGS,6481000,9/2/2017,805,A,,,,,1.69,A
USGS,6481000,9/3/2017,706,A,,,,,1.85,A
USGS,6481000,9/4/2017,649,A,,,,,1.92,A
USGS,6481000,9/5/2017,599,A,,,,,1.87,A
USGS,6481000,9/6/2017,552,A,,,,,1.74,A
USGS,6481000,9/7/2017,503,A,,,,,1.52,A
USGS,6481000,9/8/2017,462,A,,,,,1.24,A
USGS,6481000,9/9/2017,420,A,,,,,1.19,A
USGS,6481000,9/10/2017,386,A,,,,,1.18,A
USGS,6481000,9/11/2017,361,A,,,,,1.09,A
USGS,6481000,9/12/2017,343,A,,,,,0.88,A
USGS,6481000,9/13/2017,318,A,,,,,0.63,A
USGS,6481000,9/14/2017,294,A,,,,,0.31,A
USGS,6481000,9/15/2017,270,A,,,,,0.2,A
USGS,6481000,9/16/2017,247,A,,,,,0.19,A
USGS,6481000,9/17/2017,243,A,,,,,0.18,A
USGS,6481000,9/18/2017,236,A,,,,,0.21,A
USGS,6481000,9/19/2017,234,A,,,,,0.36,A
USGS,6481000,9/20/2017,249,A,,,,,0.52,A
USGS,6481000,9/21/2017,244,A,,,,,0.6,A
USGS,6481000,9/22/2017,258,A,,,,,0.71,A
USGS,6481000,9/23/2017,297,A,,,,,0.8,A
USGS,6481000,9/24/2017,339,A,,,,,1.07,A
USGS,6481000,9/25/2017,483,A,,,,,1.38,A
USGS,6481000,9/26/2017,744,A,,,,,1.43,A
USGS,6481000,9/27/2017,934,A,,,,,1.33,A
USGS,6481000,9/28/2017,1140,A,,,,,1.35,A
USGS,6481000,9/29/2017,1300,A,,,,,1.55,A
USGS,6481000,9/30/2017,1360,A,7.5,A,,,1.66,A
USGS,6481000,10/1/2017,1330,A,7.45,A,,,2.13,A
USGS,6481000,10/2/2017,1260,A,7.28,A,,,2.1,A
USGS,6481000,10/3/2017,1460,A,7.74,A,,,2.02,A
USGS,6481000,10/4/2017,1800,A,8.44,A,,,2.24,A
USGS,6481000,10/5/2017,2160,A,9.19,A,,,1.85,A
USGS,6481000,10/6/2017,2450,A,9.75,A,,,1.82,A
USGS,6481000,10/7/2017,2690,A,10.21,A,,,1.74,A
USGS,6481000,10/8/2017,2930,A,10.62,A,,,1.73,A
USGS,6481000,10/9/2017,3120,A,10.94,A,,,1.86,A
USGS,6481000,10/10/2017,3090,A,10.9,A,,,1.92,A
USGS,6481000,10/11/2017,2870,A,10.52,A,,,2.02,A
USGS,6481000,10/12/2017,2560,A,9.96,A,,,2.16,A
USGS,6481000,10/13/2017,2220,A,9.32,A,,,2.35,A
USGS,6481000,10/14/2017,1910,A,8.68,A,,,2.55,A
USGS,6481000,10/15/2017,1690,A,8.21,A,,,2.8,A
USGS,6481000,10/16/2017,1540,A,7.87,A,,,2.93,A
USGS,6481000,10/17/2017,1440,A,7.65,A,,,2.99,A
USGS,6481000,10/18/2017,1370,A,7.48,A,,,3,A
USGS,6481000,10/19/2017,1320,A,7.36,A,,,3.11,A
USGS,6481000,10/20/2017,1290,A,7.28,A,,,3.04,A
USGS,6481000,10/21/2017,1250,A,7.19,A,,,2.91,A
USGS,6481000,10/22/2017,1210,A,7.08,A,,,2.77,A
USGS,6481000,10/23/2017,1140,A,6.9,A,,,2.7,A
USGS,6481000,10/24/2017,1080,A,6.76,A,,,2.8,A
USGS,6481000,10/25/2017,1040,A,6.64,A,,,2.83,A
USGS,6481000,10/26/2017,978,A,6.5,A,,,2.91,A
USGS,6481000,10/27/2017,951,A,6.42,A,,,2.96,A
USGS,6481000,10/28/2017,924,A,6.35,A,,,3.09,A
USGS,6481000,10/29/2017,899,A,6.28,A,,,3.25,A
USGS,6481000,10/30/2017,875,A,6.21,A,,,3.38,A
USGS,6481000,10/31/2017,867,A,6.18,A,,,3.4,A
USGS,6481000,11/1/2017,849,A,6.13,A,,,3.57,A
USGS,6481000,11/2/2017,845,A,6.12,A,,,3.68,A
USGS,6481000,11/3/2017,831,A,6.08,A,,,3.7,A
USGS,6481000,11/4/2017,810,A,6.02,A,,,,
USGS,6481000,11/5/2017,802,A,6,A,,,,
USGS,6481000,11/6/2017,797,A,5.98,A,,,,
USGS,6481000,11/7/2017,785,A,5.95,A,,,,
USGS,6481000,11/8/2017,758,A:e,5.9,A,,,,
USGS,6481000,11/9/2017,712,A:e,5.86,A,,,,
USGS,6481000,11/10/2017,603,A:e,5.88,A,,,,
USGS,6481000,11/11/2017,573,A:e,6.53,A,,,,
USGS,6481000,11/12/2017,611,A:e,6.4,A,,,,
USGS,6481000,11/13/2017,644,A:e,5.88,A,,,,
USGS,6481000,11/14/2017,686,A:e,5.91,A,,,,
USGS,6481000,11/15/2017,732,A:e,5.89,A,,,,
USGS,6481000,11/16/2017,753,A:e,5.95,A,,,,
USGS,6481000,11/17/2017,743,A:e,5.91,A,,,,
USGS,6481000,11/18/2017,724,A:e,5.86,A,,,,
USGS,6481000,11/19/2017,695,A:e,5.81,A,,,,
USGS,6481000,11/20/2017,665,A:e,5.74,A,,,,
USGS,6481000,11/21/2017,615,A:e,5.67,A,,,,
USGS,6481000,11/22/2017,545,A:e,5.62,A,,,,
USGS,6481000,11/23/2017,517,A:e,5.32,A,,,,
USGS,6481000,11/24/2017,573,A:e,5.51,A,,,,
USGS,6481000,11/25/2017,626,A:e,5.68,A,,,,
USGS,6481000,11/26/2017,657,A:e,5.7,A,,,,
USGS,6481000,11/27/2017,659,A:e,5.7,A,,,,
USGS,6481000,11/28/2017,641,A:e,5.63,A,,,,
USGS,6481000,11/29/2017,622,A:e,5.59,A,,,,
USGS,6481000,11/30/2017,584,A:e,5.58,A,,,,
USGS,6481000,12/1/2017,549,A:e,5.56,A,,,,
USGS,6481000,12/2/2017,516,A:e,5.5,A,,,,
USGS,6481000,12/3/2017,489,A:e,5.44,A,,,,
USGS,6481000,12/4/2017,471,A:e,5.39,A,,,,
USGS,6481000,12/5/2017,432,A:e,5.33,A,,,,
USGS,6481000,12/6/2017,378,A:e,5.37,A,,,,
USGS,6481000,12/7/2017,318,A:e,5.67,A,,,,
USGS,6481000,12/8/2017,351,A:e,4.98,A,,,,
USGS,6481000,12/9/2017,399,A:e,5.38,A,,,,
USGS,6481000,12/10/2017,429,A:e,5.68,A,,,,
USGS,6481000,12/11/2017,455,A:e,5.85,A,,,,
USGS,6481000,12/12/2017,479,A:e,5.66,A,,,,
USGS,6481000,12/13/2017,494,A:e,5.6,A,,,,
USGS,6481000,12/14/2017,515,A:e,5.59,A,,,,
USGS,6481000,12/15/2017,520,A:e,5.59,A,,,,
USGS,6481000,12/16/2017,517,A:e,5.58,A,,,,
USGS,6481000,12/17/2017,509,A:e,5.59,A,,,,
USGS,6481000,12/18/2017,499,A:e,5.59,A,,,,
USGS,6481000,12/19/2017,470,A:e,5.58,A,,,,
USGS,6481000,12/20/2017,432,A:e,5.6,A,,,,
USGS,6481000,12/21/2017,405,A:e,5.92,A,,,,
USGS,6481000,12/22/2017,380,A:e,6.18,A,,,,
USGS,6481000,12/23/2017,363,A:e,5.85,A,,,,
USGS,6481000,12/24/2017,334,A:e,5.82,A,,,,
USGS,6481000,12/25/2017,302,A:e,5.76,A,,,,
USGS,6481000,12/26/2017,282,A:e,5.74,A,,,,
USGS,6481000,12/27/2017,272,A:e,5.78,A,,,,
USGS,6481000,12/28/2017,263,A:e,5.69,A,,,,
USGS,6481000,12/29/2017,254,A:e,5.61,A,,,,
USGS,6481000,12/30/2017,232,A:e,5.47,A,,,,
USGS,6481000,12/31/2017,213,A:e,5.42,A,,,,
USGS,6481000,1/1/2018,206,A:e,5.27,A,,,,
USGS,6481000,1/2/2018,208,A:e,5.31,A,,,,
USGS,6481000,1/3/2018,221,A:e,5.37,A,,,,
USGS,6481000,1/4/2018,240,A:e,5.34,A,,,,
USGS,6481000,1/5/2018,265,A:e,5.3,A,,,,
USGS,6481000,1/6/2018,275,A:e,5.34,A,,,,
USGS,6481000,1/7/2018,278,A:e,5.32,A,,,,
USGS,6481000,1/8/2018,282,A:e,5.27,A,,,,
USGS,6481000,1/9/2018,284,A:e,5.25,A,,,,
USGS,6481000,1/10/2018,282,A:e,5.24,A,,,,
USGS,6481000,1/11/2018,280,A:e,5.19,A,,,,
USGS,6481000,1/12/2018,277,A:e,5.18,A,,,,
USGS,6481000,1/13/2018,273,A:e,5.17,A,,,,
USGS,6481000,1/14/2018,270,A:e,5.17,A,,,,
USGS,6481000,1/15/2018,266,A:e,5.14,A,,,,
USGS,6481000,1/16/2018,261,A:e,5.14,A,,,,
USGS,6481000,1/17/2018,257,A:e,5.14,A,,,,
USGS,6481000,1/18/2018,254,A:e,5.14,A,,,,
USGS,6481000,1/19/2018,254,A:e,5.12,A,,,,
USGS,6481000,1/20/2018,255,A:e,5.12,A,,,,
USGS,6481000,1/21/2018,258,A:e,5.1,A,,,,
USGS,6481000,1/22/2018,255,A:e,5.09,A,,,,
USGS,6481000,1/23/2018,250,A:e,5.08,A,,,,
USGS,6481000,1/24/2018,241,A:e,5.08,A,,,,
USGS,6481000,1/25/2018,231,A:e,5.08,A,,,,
USGS,6481000,1/26/2018,222,A:e,5.1,A,,,,
USGS,6481000,1/27/2018,215,A:e,5.09,A,,,,
USGS,6481000,1/28/2018,209,A:e,5.09,A,,,,
USGS,6481000,1/29/2018,202,A:e,5.09,A,,,,
USGS,6481000,1/30/2018,195,A:e,5.08,A,,,,
USGS,6481000,1/31/2018,188,A:e,5.08,A,,,,
USGS,6481000,2/1/2018,181,A:e,5.1,A,,,,
USGS,6481000,2/2/2018,175,A:e,5.1,A,,,,
USGS,6481000,2/3/2018,170,A:e,5.07,A,,,,
USGS,6481000,2/4/2018,164,A:e,5.09,A,,,,
USGS,6481000,2/5/2018,158,A:e,5.08,A,,,,
USGS,6481000,2/6/2018,151,A:e,5.06,A,,,,
USGS,6481000,2/7/2018,145,A:e,5.05,A,,,,
USGS,6481000,2/8/2018,140,A:e,5.03,A,,,,
USGS,6481000,2/9/2018,136,A:e,5.02,A,,,,
USGS,6481000,2/10/2018,133,A:e,5,A,,,,
USGS,6481000,2/11/2018,131,A:e,4.97,A,,,,
USGS,6481000,2/12/2018,132,A:e,4.95,A,,,,
USGS,6481000,2/13/2018,134,A:e,4.94,A,,,,
USGS,6481000,2/14/2018,135,A:e,4.97,A,,,,
USGS,6481000,2/15/2018,138,A:e,5,A,,,,
USGS,6481000,2/16/2018,142,A:e,4.99,A,,,,
USGS,6481000,2/17/2018,146,A:e,4.99,A,,,,
USGS,6481000,2/18/2018,149,A:e,4.99,A,,,,
USGS,6481000,2/19/2018,152,A:e,4.96,A,,,,
USGS,6481000,2/20/2018,155,A:e,4.99,A,,,,
USGS,6481000,2/21/2018,158,A:e,5,A,,,,
USGS,6481000,2/22/2018,161,A:e,4.96,A,,,,
USGS,6481000,2/23/2018,164,A:e,5,A,,,,
USGS,6481000,2/24/2018,166,A:e,4.9,A,,,,
USGS,6481000,2/25/2018,168,A:e,4.9,A,,,,
USGS,6481000,2/26/2018,170,A:e,4.95,A,,,,
USGS,6481000,2/27/2018,170,A:e,5.02,A,,,,
USGS,6481000,2/28/2018,169,A:e,5.06,A,,,,
USGS,6481000,3/1/2018,182,A:e,5.04,A,,,,
USGS,6481000,3/2/2018,216,A:e,4.99,A,,,,
USGS,6481000,3/3/2018,284,A:e,5.02,A,,,,
USGS,6481000,3/4/2018,417,A:e,5.32,A,,,,
USGS,6481000,3/5/2018,556,A:e,6.18,A,,,,
USGS,6481000,3/6/2018,628,A:e,7.38,A,,,,
USGS,6481000,3/7/2018,730,A:e,7.7,A,,,,
USGS,6481000,3/8/2018,759,A:e,7.55,A,,,,
USGS,6481000,3/9/2018,751,A:e,7.53,A,,,,
USGS,6481000,3/10/2018,732,A:e,7.52,A,,,,
USGS,6481000,3/11/2018,692,A:e,7.35,A,,,,
USGS,6481000,3/12/2018,641,A:e,7.02,A,,,,
USGS,6481000,3/13/2018,627,A:e,6.82,A,,,,
USGS,6481000,3/14/2018,642,A:e,6.75,A,,,,
USGS,6481000,3/15/2018,687,A:e,6.94,A,,,,
USGS,6481000,3/16/2018,790,A:e,7.14,A,,,,
USGS,6481000,3/17/2018,884,A:e,7.61,A,,,,
USGS,6481000,3/18/2018,971,A:e,7.78,A,,,,
USGS,6481000,3/19/2018,1060,A:e,8.21,A,,,,
USGS,6481000,3/20/2018,1250,A:e,9.15,A,,,,
USGS,6481000,3/21/2018,1540,A:e,9.98,A,,,,
USGS,6481000,3/22/2018,1890,A:e,10.36,A,,,,
USGS,6481000,3/23/2018,2280,A:e,10.94,A,,,,
USGS,6481000,3/24/2018,2670,A:e,11.91,A,,,,
USGS,6481000,3/25/2018,3030,A:e,12.77,A,,,,
USGS,6481000,3/26/2018,3180,A:e,12.68,A,,,,
USGS,6481000,3/27/2018,3170,A:e,12.31,A,,,,
USGS,6481000,3/28/2018,3130,A:e,12.06,A,,,,
USGS,6481000,3/29/2018,3170,A:e,11.56,A,,,,
USGS,6481000,3/30/2018,3370,A:e,11.52,A,,,,
USGS,6481000,3/31/2018,3720,A:e,11.7,A,,,,
USGS,6481000,4/1/2018,3900,A,11.89,A,,,,
USGS,6481000,4/2/2018,3810,A,11.79,A,,,,
USGS,6481000,4/3/2018,3410,A,11.33,A,,,,
USGS,6481000,4/4/2018,2920,A,10.6,A,,,,
USGS,6481000,4/5/2018,2390,A,9.64,A,,,,
USGS,6481000,4/6/2018,1940,A,8.75,A,,,,
USGS,6481000,4/7/2018,1740,A,8.33,A,,,,
USGS,6481000,4/8/2018,1610,A,8.04,A,,,,
USGS,6481000,4/9/2018,1540,A,7.88,A,,,,
USGS,6481000,4/10/2018,1460,A,7.7,A,,,,
USGS,6481000,4/11/2018,1560,A,7.91,A,,,,
USGS,6481000,4/12/2018,1820,A,8.49,A,,,,
USGS,6481000,4/13/2018,2050,A,8.96,A,,,,
USGS,6481000,4/14/2018,2360,A,9.59,A,,,,
USGS,6481000,4/15/2018,2280,A,9.42,A,,,,
USGS,6481000,4/16/2018,1770,A,8.39,A,,,,
USGS,6481000,4/17/2018,1500,A,7.79,A,,,,
USGS,6481000,4/18/2018,1720,A,8.27,A,,,,
USGS,6481000,4/19/2018,2120,A,9.11,A,,,,
USGS,6481000,4/20/2018,2820,A,10.4,A,,,,
USGS,6481000,4/21/2018,4040,A,12.02,A,,,,
USGS,6481000,4/22/2018,4530,A,12.46,A,,,,
USGS,6481000,4/23/2018,4670,A,12.57,A,,,,
USGS,6481000,4/24/2018,5260,A,12.97,A,,,,
USGS,6481000,4/25/2018,6370,A,13.57,A,,,,
USGS,6481000,4/26/2018,7410,A,14.05,A,,,,
USGS,6481000,4/27/2018,7630,A,14.15,A,,,,
USGS,6481000,4/28/2018,7010,A,13.88,A,,,,
USGS,6481000,4/29/2018,6070,A,13.42,A,,,,
USGS,6481000,4/30/2018,5230,A,12.96,A,,,,
USGS,6481000,5/1/2018,4670,A,12.57,A,,,,
USGS,6481000,5/2/2018,4230,A,12.2,A,,,,
USGS,6481000,5/3/2018,3910,A,11.9,A,,,,
USGS,6481000,5/4/2018,3660,A,11.62,A,,,,
USGS,6481000,5/5/2018,3430,A,11.35,A,,,,
USGS,6481000,5/6/2018,3190,A,11.04,A,,,,
USGS,6481000,5/7/2018,2940,A,10.63,A,,,,
USGS,6481000,5/8/2018,2750,A,10.31,A,,,,
USGS,6481000,5/9/2018,2610,A,10.06,A,,,,
USGS,6481000,5/10/2018,2510,A,9.87,A,,,,
USGS,6481000,5/11/2018,2480,A,9.82,A,,,,
USGS,6481000,5/12/2018,2470,A,9.79,A,,,,
USGS,6481000,5/13/2018,2480,A,9.82,A,,,,
USGS,6481000,5/14/2018,2480,A,9.81,A,,,,
USGS,6481000,5/15/2018,2430,A,9.71,A,,,,
USGS,6481000,5/16/2018,2320,A,9.5,A,,,,
USGS,6481000,5/17/2018,2190,A,9.25,A,,,,
USGS,6481000,5/18/2018,2060,A,8.99,A,,,,
USGS,6481000,5/19/2018,1930,A,8.72,A,,,,
USGS,6481000,5/20/2018,1810,A,8.47,A,,,,
USGS,6481000,5/21/2018,1710,A,8.25,A,,,,
USGS,6481000,5/22/2018,1630,A,8.08,A,,,,
USGS,6481000,5/23/2018,1570,A,7.95,A,,,,
USGS,6481000,5/24/2018,1540,A,7.88,A,,,,
USGS,6481000,5/25/2018,1510,A,7.82,A,,,,
USGS,6481000,5/26/2018,1470,A,7.71,A,,,,
USGS,6481000,5/27/2018,1370,A,7.47,A,,,,
USGS,6481000,5/28/2018,1280,A,7.26,A,,,,
USGS,6481000,5/29/2018,1200,A,7.06,A,,,,
USGS,6481000,5/30/2018,1140,A,6.9,A,,,,
USGS,6481000,5/31/2018,1090,A,6.77,A,,,,
USGS,6481000,6/1/2018,1020,A,6.61,A,,,,
USGS,6481000,6/2/2018,980,A,6.5,A,,,,
USGS,6481000,6/3/2018,946,A,6.41,A,,,,
USGS,6481000,6/4/2018,904,A,6.29,A,,,,
USGS,6481000,6/5/2018,852,A,6.14,A,,,,
USGS,6481000,6/6/2018,811,A,6.02,A,,,,
USGS,6481000,6/7/2018,818,A,6.04,A,,,,
USGS,6481000,6/8/2018,770,A,5.91,A,,,,
USGS,6481000,6/9/2018,734,A,5.8,A,,,,
USGS,6481000,6/10/2018,698,A,5.7,A,,,,
USGS,6481000,6/11/2018,667,A,5.61,A,,,,
USGS,6481000,6/12/2018,657,A,5.6,A,,,,
USGS,6481000,6/13/2018,647,A,5.54,A,,,,
USGS,6481000,6/14/2018,686,A,5.68,A,,,,
USGS,6481000,6/15/2018,745,A,5.84,A,,,,
USGS,6481000,6/16/2018,816,A,6.05,A,,,,
USGS,6481000,6/17/2018,786,A,5.96,A,,,,
USGS,6481000,6/18/2018,749,A,5.84,A,,,,
USGS,6481000,6/19/2018,756,A,5.88,A,,,,
USGS,6481000,6/20/2018,1390,A,7.63,A,,,2.7,A
USGS,6481000,6/21/2018,2680,A,10.24,A,,,5.35,A
USGS,6481000,6/22/2018,2790,A,10.35,A,,,5.77,A
USGS,6481000,6/23/2018,2660,A,10.11,A,,,6.18,A
USGS,6481000,6/24/2018,2460,A,9.72,A,,,5.7,A
USGS,6481000,6/25/2018,2200,A,9.23,A,,,5.04,A
USGS,6481000,6/26/2018,2650,A,10.2,A,,,4.81,A
USGS,6481000,6/27/2018,3480,A,11.24,A,,,4.74,A
USGS,6481000,6/28/2018,3150,A,,,,,4.45,A
USGS,6481000,6/29/2018,2310,A,,,,,4.35,A
USGS,6481000,6/30/2018,1890,A,,,,,4.3,A
USGS,6481000,7/1/2018,1980,A,,,,,,
USGS,6481000,7/2/2018,3290,A,,,,,3.8,A
USGS,6481000,7/3/2018,3630,A,,,,,3.62,A
USGS,6481000,7/4/2018,2880,A,,,,,3.45,A
USGS,6481000,7/5/2018,3070,A,,,,,2.88,A
USGS,6481000,7/6/2018,2700,A,,,,,2.83,A
USGS,6481000,7/7/2018,2300,A,,,,,2.84,A
USGS,6481000,7/8/2018,2170,A,,,,,2.71,A
USGS,6481000,7/9/2018,1940,A,,,,,2.82,A
USGS,6481000,7/10/2018,1550,A,,,,,3.07,A
USGS,6481000,7/11/2018,1280,A,,,,,3.2,A
USGS,6481000,7/12/2018,1120,A,,,,,3.13,A
USGS,6481000,7/13/2018,1120,A,,,,,2.96,A
USGS,6481000,7/14/2018,1220,A,,,,,2.98,A
USGS,6481000,7/15/2018,1290,A,,,,,2.93,A
USGS,6481000,7/16/2018,1200,A,,,,,2.89,A
USGS,6481000,7/17/2018,1040,A,,,,,3.1,A
USGS,6481000,7/18/2018,936,A,,,,,3.07,A
USGS,6481000,7/19/2018,1120,A,,,,,2.94,A
USGS,6481000,7/20/2018,1930,A,,,,,2.79,A
USGS,6481000,7/21/2018,2500,A,,,,,2.36,A
USGS,6481000,7/22/2018,3010,A,,,,,1.93,A
USGS,6481000,7/23/2018,3640,A,,,,,1.47,A
USGS,6481000,7/24/2018,3970,A,,,,,1.18,A
USGS,6481000,7/25/2018,3980,A,,,,,1.1,A
USGS,6481000,7/26/2018,3530,A,,,,,1.27,A
USGS,6481000,7/27/2018,2420,A,,,,,1.59,A
USGS,6481000,7/28/2018,1550,A,,,,,1.87,A
USGS,6481000,7/29/2018,1260,A,,,,,2,A
USGS,6481000,7/30/2018,1090,A,,,,,2.05,A
USGS,6481000,7/31/2018,970,A,,,,,2.08,A
USGS,6481000,8/1/2018,885,A,,,,,2.05,A
USGS,6481000,8/2/2018,815,A,,,,,1.96,A
USGS,6481000,8/3/2018,754,A,,,,,1.84,A
USGS,6481000,8/4/2018,719,A,,,,,1.76,A
USGS,6481000,8/5/2018,753,A,,,,,1.64,A
USGS,6481000,8/6/2018,737,A,,,,,1.66,A
USGS,6481000,8/7/2018,751,A,,,,,1.69,A
USGS,6481000,8/8/2018,795,A,,,,,1.7,A
USGS,6481000,8/9/2018,779,A,,,,,1.66,A
USGS,6481000,8/10/2018,714,A,,,,,1.68,A
USGS,6481000,8/11/2018,637,A,,,,,1.5,A
USGS,6481000,8/12/2018,581,A,,,,,1.2,A
USGS,6481000,8/13/2018,540,A,,,,,0.87,A
USGS,6481000,8/14/2018,514,A,,,,,0.61,A
USGS,6481000,8/15/2018,480,A,,,,,0.69,A
USGS,6481000,8/16/2018,464,A,,,,,0.7,A
USGS,6481000,8/17/2018,491,A,,,,,0.87,A
USGS,6481000,8/18/2018,615,A,,,,,0.98,A
USGS,6481000,8/19/2018,689,A,,,,,1.04,A
USGS,6481000,8/20/2018,695,A,,,,,1.43,A
USGS,6481000,8/21/2018,659,A,,,,,1.5,A
USGS,6481000,8/22/2018,635,A,,,,,1.52,A
USGS,6481000,8/23/2018,612,A,,,,,0.96,A
USGS,6481000,8/24/2018,587,A,,,,,0.71,A
USGS,6481000,8/25/2018,553,A,,,,,0.33,A
USGS,6481000,8/26/2018,515,A,,,,,0,A
USGS,6481000,8/27/2018,494,A,,,,,0.01,A
USGS,6481000,8/28/2018,487,A,,,,,0.05,A
USGS,6481000,8/29/2018,472,A,,,,,0.1,A
USGS,6481000,8/30/2018,463,A,,,,,0.16,A
USGS,6481000,8/31/2018,451,A,,,,,0.48,A
USGS,6481000,9/1/2018,446,A,,,,,0.81,A
USGS,6481000,9/2/2018,425,A,,,,,0.6,A
USGS,6481000,9/3/2018,402,A,,,,,0.61,A
USGS,6481000,9/4/2018,391,A,,,,,0.63,A
USGS,6481000,9/5/2018,397,A,,,,,0.84,A
USGS,6481000,9/6/2018,441,A,,,,,0.69,A
USGS,6481000,9/7/2018,592,A,,,,,1.03,A
USGS,6481000,9/8/2018,665,A,,,,,1.3,A
USGS,6481000,9/9/2018,605,A,,,,,1,A
USGS,6481000,9/10/2018,513,A,,,,,0.99,A
USGS,6481000,9/11/2018,450,A,,,,,1.03,A
USGS,6481000,9/12/2018,406,A,,,,,1.01,A
USGS,6481000,9/13/2018,382,A,,,,,1,A
USGS,6481000,9/14/2018,362,A,,,,,1.05,A
USGS,6481000,9/15/2018,347,A,,,,,1.02,A
USGS,6481000,9/16/2018,326,A,,,,,0.81,A
USGS,6481000,9/17/2018,314,A,,,,,0.58,A
USGS,6481000,9/18/2018,342,A,,,,,0.45,A
USGS,6481000,9/19/2018,397,A,,,,,,
USGS,6481000,9/20/2018,1120,A,,,,,,
USGS,6481000,9/21/2018,2590,A,,,,,1.88,A
USGS,6481000,9/22/2018,3620,A,,,,,,
USGS,6481000,9/23/2018,3560,A,,,,,,
USGS,6481000,9/24/2018,2990,A,,,,,,
USGS,6481000,9/25/2018,2840,A,,,,,,
USGS,6481000,9/26/2018,2600,A,,,,,,
USGS,6481000,9/27/2018,2160,A,,,,,,
USGS,6481000,9/28/2018,1820,A,,,,,,
USGS,6481000,9/29/2018,1590,A,,,,,,
USGS,6481000,9/30/2018,1420,A,,,,,,
USGS,6481000,10/1/2018,1310,A,,,,,,
USGS,6481000,10/2/2018,1210,A,,,,,,
USGS,6481000,10/3/2018,1140,A,,,,,,
USGS,6481000,10/4/2018,1090,A,,,,,,
USGS,6481000,10/5/2018,1040,A,,,,,,
USGS,6481000,10/6/2018,1010,A,,,,,,
USGS,6481000,10/7/2018,999,A,,,,,,
USGS,6481000,10/8/2018,997,A,,,,,,
USGS,6481000,10/9/2018,1030,A,,,,,,
USGS,6481000,10/10/2018,1700,A,,,,,,
USGS,6481000,10/11/2018,2580,A,,,,,,
USGS,6481000,10/12/2018,2690,A,,,,,,
USGS,6481000,10/13/2018,2630,A,,,,,,
USGS,6481000,10/14/2018,2550,A,,,,,,
USGS,6481000,10/15/2018,2480,A,,,,,,
USGS,6481000,10/16/2018,2270,A,,,,,,
USGS,6481000,10/17/2018,1970,A,,,,,,
USGS,6481000,10/18/2018,1730,A,,,,,,
USGS,6481000,10/19/2018,1590,A,,,,,,
USGS,6481000,10/20/2018,1480,A,,,,,,
USGS,6481000,10/21/2018,1380,A,,,,,,
USGS,6481000,10/22/2018,1300,A,,,,,,
USGS,6481000,10/23/2018,1270,A,,,,,,
USGS,6481000,10/24/2018,1200,A,,,,,,
USGS,6481000,10/25/2018,1160,A,,,,,,
USGS,6481000,10/26/2018,1140,A,,,,,,
USGS,6481000,10/27/2018,1140,A,,,,,,
USGS,6481000,10/28/2018,1120,A,,,,,,
USGS,6481000,10/29/2018,1090,A,,,,,,
USGS,6481000,10/30/2018,1050,A,,,,,,
USGS,6481000,10/31/2018,1020,A,,,,,,
USGS,6481000,11/1/2018,984,A,,,,,,
USGS,6481000,11/2/2018,976,A,,,,,,
USGS,6481000,11/3/2018,980,A,,,,,,
USGS,6481000,11/4/2018,1040,A,,,,,,
USGS,6481000,11/5/2018,1110,A,,,,,,
USGS,6481000,11/6/2018,1210,A,,,,,,
USGS,6481000,11/7/2018,1350,A,,,,,,
USGS,6481000,11/8/2018,1420,A,,,,,,
USGS,6481000,11/9/2018,1420,A:e,,,,,,
USGS,6481000,11/10/2018,1240,A:e,,,,,,
USGS,6481000,11/11/2018,954,A:e,,,,,,
USGS,6481000,11/12/2018,933,A:e,,,,,,
USGS,6481000,11/13/2018,1110,A:e,,,,,,
USGS,6481000,11/14/2018,1410,A:e,,,,,,
USGS,6481000,11/15/2018,1230,A:e,,,,,,
USGS,6481000,11/16/2018,1040,A:e,,,,,,
USGS,6481000,11/17/2018,985,A:e,,,,,,
USGS,6481000,11/18/2018,965,A:e,,,,,,
USGS,6481000,11/19/2018,960,A:e,,,,,,
USGS,6481000,11/20/2018,960,A:e,,,,,,
USGS,6481000,11/21/2018,955,A:e,,,,,,
USGS,6481000,11/22/2018,930,A:e,,,,,,
USGS,6481000,11/23/2018,894,A:e,,,,,,
USGS,6481000,11/24/2018,855,A:e,,,,,,
USGS,6481000,11/25/2018,814,A:e,,,,,,
USGS,6481000,11/26/2018,774,A:e,,,,,,
USGS,6481000,11/27/2018,753,A:e,,,,,,
USGS,6481000,11/28/2018,739,A:e,,,,,,
USGS,6481000,11/29/2018,725,A:e,,,,,,
USGS,6481000,11/30/2018,713,A:e,,,,,,
USGS,6481000,12/1/2018,698,A:e,,,,,,
USGS,6481000,12/2/2018,684,A:e,,,,,,
USGS,6481000,12/3/2018,674,A:e,,,,,,
USGS,6481000,12/4/2018,664,A:e,,,,,,
USGS,6481000,12/5/2018,648,A:e,,,,,,
USGS,6481000,12/6/2018,630,A:e,,,,,,
USGS,6481000,12/7/2018,614,A:e,,,,,,
USGS,6481000,12/8/2018,600,A:e,,,,,,
USGS,6481000,12/9/2018,585,A:e,,,,,,
USGS,6481000,12/10/2018,573,A:e,,,,,,
USGS,6481000,12/11/2018,562,A:e,,,,,,
USGS,6481000,12/12/2018,553,A:e,,,,,,
USGS,6481000,12/13/2018,546,A:e,,,,,,
USGS,6481000,12/14/2018,538,A:e,,,,,,
USGS,6481000,12/15/2018,524,A:e,,,,,,
USGS,6481000,12/16/2018,512,A:e,,,,,,
USGS,6481000,12/17/2018,501,A:e,,,,,,
USGS,6481000,12/18/2018,491,A:e,,,,,,
USGS,6481000,12/19/2018,477,A:e,,,,,,
USGS,6481000,12/20/2018,463,A:e,,,,,,
USGS,6481000,12/21/2018,452,A:e,,,,,,
USGS,6481000,12/22/2018,441,A:e,,,,,,
USGS,6481000,12/23/2018,431,A:e,,,,,,
USGS,6481000,12/24/2018,421,A:e,,,,,,
USGS,6481000,12/25/2018,411,A:e,,,,,,
USGS,6481000,12/26/2018,401,A:e,,,,,,
USGS,6481000,12/27/2018,393,A:e,,,,,,
USGS,6481000,12/28/2018,385,A:e,,,,,,
USGS,6481000,12/29/2018,376,A:e,,,,,,
USGS,6481000,12/30/2018,367,A:e,,,,,,
USGS,6481000,12/31/2018,359,A:e,,,,,,
USGS,6481000,1/1/2019,351,A:e,,,,,,
USGS,6481000,1/2/2019,344,A:e,,,,,,
USGS,6481000,1/3/2019,338,A:e,,,,,,
USGS,6481000,1/4/2019,335,A:e,,,,,,
USGS,6481000,1/5/2019,333,A:e,,,,,,
USGS,6481000,1/6/2019,330,A:e,,,,,,
USGS,6481000,1/7/2019,327,A:e,,,,,,
USGS,6481000,1/8/2019,321,A:e,,,,,,
USGS,6481000,1/9/2019,311,A:e,,,,,,
USGS,6481000,1/10/2019,306,A:e,,,,,,
USGS,6481000,1/11/2019,303,A:e,,,,,,
USGS,6481000,1/12/2019,304,A:e,,,,,,
USGS,6481000,1/13/2019,303,A:e,,,,,,
USGS,6481000,1/14/2019,301,A:e,,,,,,
USGS,6481000,1/15/2019,300,A:e,,,,,,
USGS,6481000,1/16/2019,300,A:e,,,,,,
USGS,6481000,1/17/2019,301,A:e,,,,,,
USGS,6481000,1/18/2019,302,A:e,,,,,,
USGS,6481000,1/19/2019,302,A:e,,,,,,
USGS,6481000,1/20/2019,303,A:e,,,,,,
USGS,6481000,1/21/2019,303,A:e,,,,,,
USGS,6481000,1/22/2019,305,A:e,,,,,,
USGS,6481000,1/23/2019,306,A:e,,,,,,
USGS,6481000,1/24/2019,305,A:e,,,,,,
USGS,6481000,1/25/2019,304,A:e,,,,,,
USGS,6481000,1/26/2019,305,A:e,,,,,,
USGS,6481000,1/27/2019,306,A:e,,,,,,
USGS,6481000,1/28/2019,306,A:e,,,,,,
USGS,6481000,1/29/2019,305,A:e,,,,,,
USGS,6481000,1/30/2019,305,A:e,,,,,,
USGS,6481000,1/31/2019,304,A:e,,,,,,
USGS,6481000,2/1/2019,304,A:e,,,,,,
USGS,6481000,2/2/2019,305,A:e,,,,,,
USGS,6481000,2/3/2019,304,A:e,,,,,,
USGS,6481000,2/4/2019,305,A:e,,,,,,
USGS,6481000,2/5/2019,304,A:e,,,5.16,A,,
USGS,6481000,2/6/2019,304,A:e,,,,,,
USGS,6481000,2/7/2019,305,A:e,,,,,,
USGS,6481000,2/8/2019,303,A:e,,,,,,
USGS,6481000,2/9/2019,303,A:e,,,,,,
USGS,6481000,2/10/2019,300,A:e,,,5.15,A,,
USGS,6481000,2/11/2019,298,A:e,,,5.15,A,,
USGS,6481000,2/12/2019,298,A:e,,,,,,
USGS,6481000,2/13/2019,298,A:e,,,,,,
USGS,6481000,2/14/2019,298,A:e,,,,,,
USGS,6481000,2/15/2019,296,A:e,,,,,,
USGS,6481000,2/16/2019,296,A:e,,,5.11,A,,
USGS,6481000,2/17/2019,296,A:e,,,5.12,A,,
USGS,6481000,2/18/2019,295,A:e,,,,,,
USGS,6481000,2/19/2019,293,A:e,,,,,,
USGS,6481000,2/20/2019,290,A:e,,,,,,
USGS,6481000,2/21/2019,298,A:e,,,,,,
USGS,6481000,2/22/2019,301,A:e,,,,,,
USGS,6481000,2/23/2019,301,A:e,,,,,,
USGS,6481000,2/24/2019,304,A:e,,,,,,
USGS,6481000,2/25/2019,306,A:e,,,,,,
USGS,6481000,2/26/2019,306,A:e,,,,,,
USGS,6481000,2/27/2019,301,A:e,,,,,,
USGS,6481000,2/28/2019,299,A:e,,,,,,
USGS,6481000,3/1/2019,301,A:e,,,,,,
USGS,6481000,3/2/2019,303,A:e,,,,,,
USGS,6481000,3/3/2019,306,A:e,,,,,,
USGS,6481000,3/4/2019,309,A:e,,,,,,
USGS,6481000,3/5/2019,312,A:e,,,,,,
USGS,6481000,3/6/2019,314,A:e,,,,,,
USGS,6481000,3/7/2019,317,A:e,,,,,,
USGS,6481000,3/8/2019,320,A:e,,,5.22,A,,
USGS,6481000,3/9/2019,321,A:e,,,,,,
USGS,6481000,3/10/2019,324,A:e,,,,,,
USGS,6481000,3/11/2019,330,A:e,,,,,,
USGS,6481000,3/12/2019,350,A:e,,,,,,
USGS,6481000,3/13/2019,420,A:e,,,,,,
USGS,6481000,3/14/2019,668,A:e,,,,,,
USGS,6481000,3/15/2019,1080,A:e,,,10.49,A,,
USGS,6481000,3/16/2019,1640,A:e,,,11.81,A,,
USGS,6481000,3/17/2019,2760,A:e,,,12.87,A,,
USGS,6481000,3/18/2019,3590,A:e,,,13.16,A,,
USGS,6481000,3/19/2019,4200,A:e,,,13.19,A,,
USGS,6481000,3/20/2019,4900,A:e,,,13.52,A,,
USGS,6481000,3/21/2019,5760,A:e,,,14.13,A,,
USGS,6481000,3/22/2019,7110,A:e,,,14.14,A,,
USGS,6481000,3/23/2019,9830,A:e,,,14.84,A,,
USGS,6481000,3/24/2019,13900,A,,,15.69,A,,
USGS,6481000,3/25/2019,13100,A,,,15.56,A,,
USGS,6481000,3/26/2019,12500,A,,,15.47,A,,
USGS,6481000,3/27/2019,11600,A,,,15.28,A,,
USGS,6481000,3/28/2019,11300,A,,,15.23,A,,
USGS,6481000,3/29/2019,11400,A,,,15.24,A,,
USGS,6481000,3/30/2019,10300,A,,,14.99,A,,
USGS,6481000,3/31/2019,9770,A,,,14.84,A,,
USGS,6481000,4/1/2019,8970,A,,,14.61,A,,
USGS,6481000,4/2/2019,8140,A,,,14.34,A,,
USGS,6481000,4/3/2019,7360,A,,,14.03,A,,
USGS,6481000,4/4/2019,6730,A,,,13.75,A,,
USGS,6481000,4/5/2019,6270,A,,,13.52,A,,
USGS,6481000,4/6/2019,6790,A,,,13.77,A,2.45,A
USGS,6481000,4/7/2019,8030,A,,,14.3,A,3.22,A
USGS,6481000,4/8/2019,7960,A,,,14.27,A,3.04,A
USGS,6481000,4/9/2019,7570,A,,,14.12,A,2.65,A
USGS,6481000,4/10/2019,7490,A:e,,,,,,
USGS,6481000,4/11/2019,7300,A:e,,,,,,
USGS,6481000,4/12/2019,6900,A:e,,,,,,
USGS,6481000,4/13/2019,6310,A,,,13.54,A,1.81,A
USGS,6481000,4/14/2019,5920,A,,,13.33,A,1.9,A
USGS,6481000,4/15/2019,6000,A,,,13.38,A,1.98,A
USGS,6481000,4/16/2019,6800,A,,,13.78,A,2.23,A
USGS,6481000,4/17/2019,7370,A,,,14.04,A,2.4,A
USGS,6481000,4/18/2019,7740,A,,,14.19,A,2.39,A
USGS,6481000,4/19/2019,8220,A,,,14.37,A,2.13,A
USGS,6481000,4/20/2019,8350,A,,,14.41,A,1.85,A
USGS,6481000,4/21/2019,8280,A,,,14.39,A,1.58,A
USGS,6481000,4/22/2019,8050,A,,,14.31,A,1.33,A
USGS,6481000,4/23/2019,7740,A,,,14.19,A,1.3,A
USGS,6481000,4/24/2019,7470,A,,,14.08,A,1.16,A
USGS,6481000,4/25/2019,7050,A,,,13.9,A,1.08,A
USGS,6481000,4/26/2019,6680,A,,,13.72,A,1.07,A
USGS,6481000,4/27/2019,6560,A,,,,,,
USGS,6481000,4/28/2019,6700,A,,,13.73,A,,
USGS,6481000,4/29/2019,6770,A,,,13.76,A,,
USGS,6481000,4/30/2019,6750,A,,,13.76,A,,
USGS,6481000,5/1/2019,6700,A,,,13.73,A,,
USGS,6481000,5/2/2019,6490,A,,,13.63,A,,
USGS,6481000,5/3/2019,6260,A,,,13.51,A,,
USGS,6481000,5/4/2019,6000,A,,,13.38,A,,
USGS,6481000,5/5/2019,5770,A,,,13.25,A,,
USGS,6481000,5/6/2019,5530,A,,,13.1,A,,
USGS,6481000,5/7/2019,5270,A,,,12.93,A,,
USGS,6481000,5/8/2019,5180,A,,,12.87,A,,
USGS,6481000,5/9/2019,5630,A,,,13.16,A,,
USGS,6481000,5/10/2019,6050,A,,,13.4,A,,
USGS,6481000,5/11/2019,6220,A,,,13.49,A,,
USGS,6481000,5/12/2019,6450,A,,,13.61,A,,
USGS,6481000,5/13/2019,6520,A,,,13.65,A,,
USGS,6481000,5/14/2019,6250,A,,,13.51,A,,
USGS,6481000,5/15/2019,5840,A,,,13.29,A,,
USGS,6481000,5/16/2019,5500,A,,,13.08,A,,
USGS,6481000,5/17/2019,5170,A,,,12.86,A,,
USGS,6481000,5/18/2019,4980,A,,,12.72,A,,
USGS,6481000,5/19/2019,4960,A,,,12.7,A,,
USGS,6481000,5/20/2019,5170,A,,,12.86,A,,
USGS,6481000,5/21/2019,5850,A,,,13.29,A,,
USGS,6481000,5/22/2019,6360,A,,,13.57,A,1.47,A
USGS,6481000,5/23/2019,6250,A,,,13.51,A,1.71,A
USGS,6481000,5/24/2019,6140,A,,,13.45,A,1.8,A
USGS,6481000,5/25/2019,6070,A,,,13.41,A,1.74,A
USGS,6481000,5/26/2019,6180,A,,,13.47,A,1.46,A
USGS,6481000,5/27/2019,6540,A,,,13.66,A,1.25,A
USGS,6481000,5/28/2019,7260,A,,,13.99,A,1.76,A
USGS,6481000,5/29/2019,7480,A,,,14.08,A,1.8,A
USGS,6481000,5/30/2019,7240,A,,,13.98,A,1.8,A
USGS,6481000,5/31/2019,6510,A,,,13.64,A,1.76,A
USGS,6481000,6/1/2019,6010,A,,,13.39,A,1.61,A
USGS,6481000,6/2/2019,5570,A,,,13.13,A,1.55,A
USGS,6481000,6/3/2019,5160,A,,,12.86,A,1.5,A
USGS,6481000,6/4/2019,4780,A,,,12.57,A,1.49,A
USGS,6481000,6/5/2019,4490,A,,,12.32,A,1.49,A
USGS,6481000,6/6/2019,4240,A,,,12.09,A,1.5,A
USGS,6481000,6/7/2019,4020,A,,,11.87,A,1.5,A
USGS,6481000,6/8/2019,3820,A,,,11.64,A,1.5,A
USGS,6481000,6/9/2019,3630,A,,,11.4,A,1.5,A
USGS,6481000,6/10/2019,3440,A,,,11.16,A,1.51,A
USGS,6481000,6/11/2019,3310,A,,,10.99,A,1.64,A
USGS,6481000,6/12/2019,3420,A,,,11.14,A,1.85,A
USGS,6481000,6/13/2019,3180,A,,,10.81,A,1.96,A
USGS,6481000,6/14/2019,3030,A,,,10.57,A,2,A
USGS,6481000,6/15/2019,2910,A,,,10.37,A,1.94,A
USGS,6481000,6/16/2019,2890,A,,,10.33,A,1.83,A
USGS,6481000,6/17/2019,2980,A,,,10.48,A,1.97,A
USGS,6481000,6/18/2019,2990,A,,,10.5,A,2,A
USGS,6481000,6/19/2019,3050,A,,,10.6,A,2.05,A
USGS,6481000,6/20/2019,2970,A,,,10.48,A,2,A
USGS,6481000,6/21/2019,2830,A,,,10.24,A,2,A
USGS,6481000,6/22/2019,2700,A,,,10.01,A,2,A
USGS,6481000,6/23/2019,2600,A,,,9.83,A,2,A
USGS,6481000,6/24/2019,2510,A,,,9.67,A,2.01,A
USGS,6481000,6/25/2019,2420,A,,,9.49,A,2.05,A
USGS,6481000,6/26/2019,2340,A,,,9.34,A,2.1,A
USGS,6481000,6/27/2019,2710,A,,,10.01,A,2.23,A
USGS,6481000,6/28/2019,3640,A,,,11.45,A,3.15,A
USGS,6481000,6/29/2019,2910,A,,,10.4,A,2.81,A
USGS,6481000,6/30/2019,2720,A,,,10.06,A,2.52,A
USGS,6481000,7/1/2019,2670,A,,,9.99,A,2.34,A
USGS,6481000,7/2/2019,2610,A,,,9.88,A,2.13,A
USGS,6481000,7/3/2019,2630,A,,,9.91,A,2,A
USGS,6481000,7/4/2019,2700,A,,,10.04,A,1.92,A
USGS,6481000,7/5/2019,2850,A,,,10.31,A,1.97,A
USGS,6481000,7/6/2019,3070,A,,,10.69,A,2.06,A
USGS,6481000,7/7/2019,3240,A,,,10.96,A,1.95,A
USGS,6481000,7/8/2019,3430,A,,,11.23,A,1.8,A
USGS,6481000,7/9/2019,3660,A,,,11.51,A,1.7,A
USGS,6481000,7/10/2019,3980,A,,,11.88,A,1.77,A
USGS,6481000,7/11/2019,4170,A,,,12.08,A,1.88,A
USGS,6481000,7/12/2019,4340,A,,,12.23,A,1.7,A
USGS,6481000,7/13/2019,4720,A,,,12.56,A,1.53,A
USGS,6481000,7/14/2019,5290,A,,,12.97,A,1.35,A
USGS,6481000,7/15/2019,5730,A,,,13.24,A,1.22,A
USGS,6481000,7/16/2019,5960,A,,,13.37,A,1.2,A
USGS,6481000,7/17/2019,5840,A,,,13.31,A,1.12,A
USGS,6481000,7/18/2019,5460,A,,,13.08,A,1.17,A
USGS,6481000,7/19/2019,5030,A,,,12.8,A,1.2,A
USGS,6481000,7/20/2019,4870,A,,,12.69,A,1.23,A
USGS,6481000,7/21/2019,5060,A,,,12.83,A,1.35,A
USGS,6481000,7/22/2019,5220,A,,,12.94,A,1.4,A
USGS,6481000,7/23/2019,5010,A,,,12.79,A,1.4,A
USGS,6481000,7/24/2019,4730,A,,,12.58,A,1.34,A
USGS,6481000,7/25/2019,4390,A,,,12.29,A,1.3,A
USGS,6481000,7/26/2019,4040,A,,,11.97,A,1.3,A
USGS,6481000,7/27/2019,3750,A,,,11.66,A,1.29,A
USGS,6481000,7/28/2019,3500,A,,,11.36,A,1.26,A
USGS,6481000,7/29/2019,3370,A,,,11.19,A,1.27,A
USGS,6481000,7/30/2019,3400,A,,,11.24,A,1.43,A
USGS,6481000,7/31/2019,3500,A,,,11.37,A,1.41,A
USGS,6481000,8/1/2019,3580,A,,,11.47,A,1.36,A
USGS,6481000,8/2/2019,3660,A,,,11.56,A,1.25,A
USGS,6481000,8/3/2019,3580,A,,,11.47,A,1.22,A
USGS,6481000,8/4/2019,3330,A,,,11.16,A,1.33,A
USGS,6481000,8/5/2019,3040,A,,,10.73,A,1.3,A
USGS,6481000,8/6/2019,2800,A,,,10.31,A,1.31,A
USGS,6481000,8/7/2019,2600,A,,,9.96,A,1.36,A
USGS,6481000,8/8/2019,2420,A,,,9.63,A,1.29,A
USGS,6481000,8/9/2019,2280,A,,,9.36,A,1.2,A
USGS,6481000,8/10/2019,2200,A,,,9.2,A,1.2,A
USGS,6481000,8/11/2019,2130,A,,,9.06,A,1.22,A
USGS,6481000,8/12/2019,2080,A,,,8.97,A,1.26,A
USGS,6481000,8/13/2019,2020,A,,,8.85,A,1.22,A
USGS,6481000,8/14/2019,1960,A,,,8.74,A,1.26,A
USGS,6481000,8/15/2019,1920,A,,,8.64,A,1.36,A
USGS,6481000,8/16/2019,1910,A,,,8.62,A,1.34,A
USGS,6481000,8/17/2019,1880,A,,,8.58,A,1.27,A
USGS,6481000,8/18/2019,2000,A,,,8.83,A,1.2,A
USGS,6481000,8/19/2019,2410,A,,,9.63,A,1.27,A
USGS,6481000,8/20/2019,2930,A,,,10.59,A,1.21,A
USGS,6481000,8/21/2019,3360,A,,,11.23,A,1.02,A
USGS,6481000,8/22/2019,3540,A,,,11.46,A,1,A
USGS,6481000,8/23/2019,3340,A,,,11.22,A,1,A
USGS,6481000,8/24/2019,2950,A,,,10.63,A,1.03,A
USGS,6481000,8/25/2019,2610,A,,,10.02,A,1.02,A
USGS,6481000,8/26/2019,2450,A,,,9.73,A,1.13,A
USGS,6481000,8/27/2019,2400,A,,,9.64,A,1.51,A
USGS,6481000,8/28/2019,2380,A,,,9.6,A,1.55,A
USGS,6481000,8/29/2019,2330,A,,,9.52,A,1.56,A
USGS,6481000,8/30/2019,2200,A,,,9.26,A,1.54,A
USGS,6481000,8/31/2019,2060,A,,,8.98,A,1.36,A
USGS,6481000,9/1/2019,1930,A,,,8.73,A,1.71,A
USGS,6481000,9/2/2019,1840,A,,,8.53,A,2.13,A
USGS,6481000,9/3/2019,1750,A,,,8.34,A,1.4,A
USGS,6481000,9/4/2019,1670,A,,,8.17,A,1.3,A
USGS,6481000,9/5/2019,1590,A,,,8,A,1.25,A
USGS,6481000,9/6/2019,1520,A,,,7.84,A,1.23,A
USGS,6481000,9/7/2019,1460,A,,,7.71,A,1.2,A
USGS,6481000,9/8/2019,1470,A,,,7.73,A,1.21,A
USGS,6481000,9/9/2019,1530,A,,,7.86,A,1.25,A
USGS,6481000,9/10/2019,1750,A,,,8.36,A,1.41,A
USGS,6481000,9/11/2019,4000,A,,,11.75,A,1.58,A
USGS,6481000,9/12/2019,12400,A,,,15.22,A,1.49,A
USGS,6481000,9/13/2019,20300,A,,,16.48,A,1.39,A
USGS,6481000,9/14/2019,18500,A,,,16.29,A,1.26,A
USGS,6481000,9/15/2019,18000,A,,,16.22,A,1,A
USGS,6481000,9/16/2019,14200,A,,,15.73,A,1.02,A
USGS,6481000,9/17/2019,11500,A,,,15.27,A,1.1,A
USGS,6481000,9/18/2019,10100,A,,,14.91,A,1.08,A
USGS,6481000,9/19/2019,8880,A,,,14.58,A,1,A
USGS,6481000,9/20/2019,7890,A,,,,,1,A
USGS,6481000,9/21/2019,7050,A,,,,,1.09,A
USGS,6481000,9/22/2019,6200,A,,,,,1.14,A
USGS,6481000,9/23/2019,5390,A,,,,,1.28,A
USGS,6481000,9/24/2019,4880,A,,,12.79,A,1.31,A
USGS,6481000,9/25/2019,4660,A,,,12.65,A,1.33,A
USGS,6481000,9/26/2019,4550,A,,,12.57,A,1.38,A
USGS,6481000,9/27/2019,4240,A,,,12.34,A,1.49,A
USGS,6481000,9/28/2019,3740,A,,,11.91,A,1.63,A
USGS,6481000,9/29/2019,3350,A,,,11.51,A,1.71,A
USGS,6481000,9/30/2019,3080,A,,,11.21,A,1.81,A
USGS,6481000,10/1/2019,2960,A,,,11.05,A,1.88,A
USGS,6481000,10/2/2019,2980,A,,,11.08,A,1.9,A
USGS,6481000,10/3/2019,2990,A,,,11.1,A,2.02,A
USGS,6481000,10/4/2019,2950,A,,,11.04,A,2.15,A
USGS,6481000,10/5/2019,3020,A,,,11.13,A,2.3,A
USGS,6481000,10/6/2019,3090,A,,,11.23,A,2.46,A
USGS,6481000,10/7/2019,3090,A,,,11.24,A,2.5,A
USGS,6481000,10/8/2019,3060,A,,,11.19,A,2.53,A
USGS,6481000,10/9/2019,2960,A,,,11.06,A,2.52,A
USGS,6481000,10/10/2019,2870,A,,,10.91,A,2.43,A
USGS,6481000,10/11/2019,2800,A,,,10.77,A,2.4,A
USGS,6481000,10/12/2019,2750,A,,,10.68,A,2.4,A
USGS,6481000,10/13/2019,2750,A,,,10.67,A,2.43,A
USGS,6481000,10/14/2019,2770,A,,,10.71,A,2.57,A
USGS,6481000,10/15/2019,2790,A,,,10.76,A,2.69,A
USGS,6481000,10/16/2019,2810,A,,,10.78,A,2.71,A
USGS,6481000,10/17/2019,2800,A,,,10.77,A,2.77,A
USGS,6481000,10/18/2019,2760,A,,,10.68,A,2.8,A
USGS,6481000,10/19/2019,2690,A,,,10.55,A,2.8,A
USGS,6481000,10/20/2019,2620,A,,,10.41,A,2.77,A
USGS,6481000,10/21/2019,2560,A,,,10.29,A,2.68,A
USGS,6481000,10/22/2019,2610,A,,,10.39,A,2.64,A
USGS,6481000,10/23/2019,2690,A,,,10.56,A,2.73,A
USGS,6481000,10/24/2019,2710,A,,,10.6,A,2.8,A
USGS,6481000,10/25/2019,2740,A,,,10.65,A,2.87,A
USGS,6481000,10/26/2019,2740,A,,,10.65,A,2.94,A
USGS,6481000,10/27/2019,2700,A,,,10.57,A,2.88,A
USGS,6481000,10/28/2019,2650,A,,,10.47,A,2.8,A
USGS,6481000,10/29/2019,2580,A,,,10.33,A,2.8,A
USGS,6481000,10/30/2019,2500,A,,,10.17,A,2.8,A
USGS,6481000,10/31/2019,2420,A,,,10,A,2.81,A
USGS,6481000,11/1/2019,2350,A,,,9.86,A,2.87,A
USGS,6481000,11/2/2019,2310,A,,,9.76,A,2.9,A
USGS,6481000,11/3/2019,2290,A,,,9.71,A,,
USGS,6481000,11/4/2019,2280,A,,,9.69,A,,
USGS,6481000,11/5/2019,2270,A:e,,,9.67,A,,
USGS,6481000,11/6/2019,2240,A:e,,,,,,
USGS,6481000,11/7/2019,2150,A:e,,,9.5,A,,
USGS,6481000,11/8/2019,2050,A:e,,,9.36,A,,
USGS,6481000,11/9/2019,2000,A:e,,,9.31,A,,
USGS,6481000,11/10/2019,1930,A:e,,,9.33,A,,
USGS,6481000,11/11/2019,1710,A:e,,,9.2,A,,
USGS,6481000,11/12/2019,1540,A:e,,,,,,
USGS,6481000,11/13/2019,1490,A:e,,,,,,
USGS,6481000,11/14/2019,1470,A:e,,,,,,
USGS,6481000,11/15/2019,1480,A:e,,,8.07,A,,
USGS,6481000,11/16/2019,1540,A:e,,,8.31,A,,
USGS,6481000,11/17/2019,1620,A:e,,,8.85,A,,
USGS,6481000,11/18/2019,1720,A:e,,,8.9,A,,
USGS,6481000,11/19/2019,1890,A:e,,,9.37,A,,
USGS,6481000,11/20/2019,2030,A:e,,,9.72,A,,
USGS,6481000,11/21/2019,2060,A:e,,,9.9,A,,
USGS,6481000,11/22/2019,2020,A:e,,,9.71,A,,
USGS,6481000,11/23/2019,1940,A:e,,,9.37,A,,
USGS,6481000,11/24/2019,1860,A:e,,,9.12,A,,
USGS,6481000,11/25/2019,1840,A:e,,,8.98,A,,
USGS,6481000,11/26/2019,1830,A:e,,,8.97,A,,
USGS,6481000,11/27/2019,1790,A:e,,,8.89,A,,
USGS,6481000,11/28/2019,1740,A:e,,,8.72,A,,
USGS,6481000,11/29/2019,1680,A:e,,,8.6,A,,
USGS,6481000,11/30/2019,1610,A:e,,,,,,
USGS,6481000,12/1/2019,1560,A:e,,,8.52,A,,
USGS,6481000,12/2/2019,1520,A:e,,,,,,
USGS,6481000,12/3/2019,1480,A:e,,,8.3,A,,
USGS,6481000,12/4/2019,1460,A:e,,,8.11,A,,
USGS,6481000,12/5/2019,1440,A:e,,,7.97,A,,
USGS,6481000,12/6/2019,1420,A:e,,,7.91,A,,
USGS,6481000,12/7/2019,1440,A:e,,,8.02,A,,
USGS,6481000,12/8/2019,1500,A:e,,,8.25,A,,
USGS,6481000,12/9/2019,1460,A:e,,,,,,
USGS,6481000,12/10/2019,1210,A:e,,,,,,
USGS,6481000,12/11/2019,1080,A:e,,,,,,
USGS,6481000,12/12/2019,1110,A:e,,,,,,
USGS,6481000,12/13/2019,1250,A:e,,,,,,
USGS,6481000,12/14/2019,1300,A:e,,,7.96,A,,
USGS,6481000,12/15/2019,1310,A:e,,,,,,
USGS,6481000,12/16/2019,1340,A:e,,,,,,
USGS,6481000,12/17/2019,1420,A:e,,,8.06,A,,
USGS,6481000,12/18/2019,1470,A:e,,,,,,
USGS,6481000,12/19/2019,1460,A:e,,,,,,
USGS,6481000,12/20/2019,1440,A:e,,,8.1,A,,
USGS,6481000,12/21/2019,1420,A:e,,,,,,
USGS,6481000,12/22/2019,1400,A:e,,,,,,
USGS,6481000,12/23/2019,1390,A:e,,,,,,
USGS,6481000,12/24/2019,1370,A:e,,,7.86,A,,
USGS,6481000,12/25/2019,1360,A:e,,,,,,
USGS,6481000,12/26/2019,1350,A:e,,,,,,
USGS,6481000,12/27/2019,1340,A:e,,,7.79,A,,
USGS,6481000,12/28/2019,1330,A:e,,,,,,
USGS,6481000,12/29/2019,1320,A:e,,,,,,
USGS,6481000,12/30/2019,1280,A:e,,,,,,
USGS,6481000,12/31/2019,1210,A:e,,,7.61,A,,
USGS,6481000,1/1/2020,1190,A:e,,,7.53,A,,
USGS,6481000,1/2/2020,1260,A:e,,,7.61,A,,
USGS,6481000,1/3/2020,1300,A:e,,,7.58,A,,
USGS,6481000,1/4/2020,1310,A:e,,,7.66,A,,
USGS,6481000,1/5/2020,1320,A:e,,,7.68,A,,
USGS,6481000,1/6/2020,1330,A:e,,,7.72,A,,
USGS,6481000,1/7/2020,1330,A:e,,,7.82,A,,
USGS,6481000,1/8/2020,1330,A:e,,,7.85,A,,
USGS,6481000,1/9/2020,1320,A:e,,,7.74,A,,
USGS,6481000,1/10/2020,1300,A:e,,,7.72,A,,
USGS,6481000,1/11/2020,1260,A:e,,,,,,
USGS,6481000,1/12/2020,1180,A:e,,,7.45,A,,
USGS,6481000,1/13/2020,1110,A:e,,,7.47,A,,
USGS,6481000,1/14/2020,1060,A:e,,,7.46,A,,
USGS,6481000,1/15/2020,1030,A:e,,,7.38,A,,
USGS,6481000,1/16/2020,999,A:e,,,7.31,A,,
USGS,6481000,1/17/2020,976,A:e,,,7.3,A,,
USGS,6481000,1/18/2020,960,A:e,,,7.28,A,,
USGS,6481000,1/19/2020,950,A:e,,,,,,
USGS,6481000,1/20/2020,946,A:e,,,6.99,A,,
USGS,6481000,1/21/2020,942,A:e,,,6.97,A,,
USGS,6481000,1/22/2020,939,A:e,,,6.92,A,,
USGS,6481000,1/23/2020,939,A:e,,,6.9,A,,
USGS,6481000,1/24/2020,939,A:e,,,6.89,A,,
USGS,6481000,1/25/2020,942,A:e,,,6.88,A,,
USGS,6481000,1/26/2020,957,A:e,,,6.9,A,,
USGS,6481000,1/27/2020,980,A:e,,,6.96,A,,
USGS,6481000,1/28/2020,993,A:e,,,7.04,A,,
USGS,6481000,1/29/2020,1000,A:e,,,7.12,A,,
USGS,6481000,1/30/2020,1020,A:e,,,7.19,A,,
USGS,6481000,1/31/2020,1040,A:e,,,7.25,A,,
USGS,6481000,2/1/2020,1060,A:e,,,7.29,A,,
USGS,6481000,2/2/2020,1060,A:e,,,7.36,A,,
USGS,6481000,2/3/2020,1070,A:e,,,7.41,A,,
USGS,6481000,2/4/2020,1080,A:e,,,7.41,A,,
USGS,6481000,2/5/2020,1090,A:e,,,7.45,A,,
USGS,6481000,2/6/2020,1080,A:e,,,7.44,A,,
USGS,6481000,2/7/2020,1060,A:e,,,7.32,A,,
USGS,6481000,2/8/2020,1040,A:e,,,7.29,A,,
USGS,6481000,2/9/2020,1020,A:e,,,7.28,A,,
USGS,6481000,2/10/2020,989,A:e,,,7.14,A,,
USGS,6481000,2/11/2020,968,A:e,,,7.06,A,,
USGS,6481000,2/12/2020,950,A:e,,,7.03,A,,
USGS,6481000,2/13/2020,929,A:e,,,7.02,A,,
USGS,6481000,2/14/2020,911,A:e,,,6.99,A,,
USGS,6481000,2/15/2020,881,A:e,,,6.93,A,,
USGS,6481000,2/16/2020,845,A:e,,,6.76,A,,
USGS,6481000,2/17/2020,823,A:e,,,6.77,A,,
USGS,6481000,2/18/2020,812,A:e,,,6.83,A,,
USGS,6481000,2/19/2020,807,A:e,,,6.88,A,,
USGS,6481000,2/20/2020,810,A:e,,,6.89,A,,
USGS,6481000,2/21/2020,814,A:e,,,6.89,A,,
USGS,6481000,2/22/2020,814,A:e,,,6.89,A,,
USGS,6481000,2/23/2020,819,A:e,,,6.93,A,,
USGS,6481000,2/24/2020,831,A:e,,,6.98,A,,
USGS,6481000,2/25/2020,848,A:e,,,7.02,A,,
USGS,6481000,2/26/2020,875,A:e,,,7.06,A,,
USGS,6481000,2/27/2020,919,A:e,,,7.07,A,,
USGS,6481000,2/28/2020,957,A:e,,,7.08,A,,
USGS,6481000,2/29/2020,1010,A:e,,,7.13,A,,
USGS,6481000,3/1/2020,1100,A:e,,,7.44,A,,
USGS,6481000,3/2/2020,1200,A:e,,,8.01,A,,
USGS,6481000,3/3/2020,1350,A:e,,,8.58,A,,
USGS,6481000,3/4/2020,1540,A:e,,,9.18,A,,
USGS,6481000,3/5/2020,1780,A:e,,,,,,
USGS,6481000,3/6/2020,1910,A:e,,,,,,
USGS,6481000,3/7/2020,2190,A:e,,,,,,
USGS,6481000,3/8/2020,2840,A:e,,,,,,
USGS,6481000,3/9/2020,3910,A:e,,,,,,
USGS,6481000,3/10/2020,4310,A,,,12.36,A,,
USGS,6481000,3/11/2020,4160,A,,,12.23,A,,
USGS,6481000,3/12/2020,4250,A,,,12.31,A,,
USGS,6481000,3/13/2020,4530,A,,,12.52,A,,
USGS,6481000,3/14/2020,4720,A,,,12.66,A,,
USGS,6481000,3/15/2020,4500,A,,,12.5,A,,
USGS,6481000,3/16/2020,4150,A,,,12.22,A,,
USGS,6481000,3/17/2020,3780,A,,,11.86,A,,
USGS,6481000,3/18/2020,3440,A,,,11.48,A,,
USGS,6481000,3/19/2020,3220,A,,,11.21,A,,
USGS,6481000,3/20/2020,3070,A,,,11,A,,
USGS,6481000,3/21/2020,2850,A,,,10.6,A,,
USGS,6481000,3/22/2020,2620,A,,,10.16,A,,
USGS,6481000,3/23/2020,2640,A,,,10.2,A,,
USGS,6481000,3/24/2020,2630,A,,,10.17,A,,
USGS,6481000,3/25/2020,2640,A,,,10.18,A,,
USGS,6481000,3/26/2020,2710,A,,,10.32,A,,
USGS,6481000,3/27/2020,2760,A,,,10.41,A,,
USGS,6481000,3/28/2020,2860,A,,,10.58,A,,
USGS,6481000,3/29/2020,3280,A,,,11.25,A,,
USGS,6481000,3/30/2020,3430,A,,,11.43,A,,
USGS,6481000,3/31/2020,3450,A,,,11.46,A,,
USGS,6481000,4/1/2020,3470,A,,,11.47,A,,
USGS,6481000,4/2/2020,3460,A:e,,,,,,
USGS,6481000,4/3/2020,3410,A:e,,,,,,
USGS,6481000,4/4/2020,3340,A:e,,,,,,
USGS,6481000,4/5/2020,3180,A,,,11.1,A,,
USGS,6481000,4/6/2020,3060,A,,,10.91,A,,
USGS,6481000,4/7/2020,3000,A,,,10.8,A,,
USGS,6481000,4/8/2020,2950,A,,,10.7,A,,
USGS,6481000,4/9/2020,2890,A,,,10.58,A,,
USGS,6481000,4/10/2020,2820,A,,,10.45,A,,
USGS,6481000,4/11/2020,2740,A,,,10.3,A,,
USGS,6481000,4/12/2020,2670,A,,,10.16,A,,
USGS,6481000,4/13/2020,2590,A,,,10,A,,
USGS,6481000,4/14/2020,2550,A,,,9.93,A,,
USGS,6481000,4/15/2020,2490,A,,,9.81,A,,
USGS,6481000,4/16/2020,2430,A,,,9.67,A,,
USGS,6481000,4/17/2020,2410,A,,,9.63,A,,
USGS,6481000,4/18/2020,2410,A,,,9.64,A,,
USGS,6481000,4/19/2020,2400,A,,,9.61,A,,
USGS,6481000,4/20/2020,2340,A,,,9.49,A,,
USGS,6481000,4/21/2020,2270,A,,,9.34,A,,
USGS,6481000,4/22/2020,2190,A,,,9.17,A,,
USGS,6481000,4/23/2020,2120,A,,,9.02,A,,
USGS,6481000,4/24/2020,2070,A,,,8.9,A,1.67,A
USGS,6481000,4/25/2020,2000,A,,,8.76,A,1.6,A
USGS,6481000,4/26/2020,1960,A,,,8.66,A,1.62,A
USGS,6481000,4/27/2020,1930,A,,,8.6,A,1.6,A
USGS,6481000,4/28/2020,1900,A,,,8.53,A,1.56,A
USGS,6481000,4/29/2020,1880,A,,,8.48,A,1.57,A
USGS,6481000,4/30/2020,1870,A,,,8.46,A,1.5,A
USGS,6481000,5/1/2020,1850,A,,,8.4,A,1.5,A
USGS,6481000,5/2/2020,1790,A,,,8.26,A,1.46,A
USGS,6481000,5/3/2020,1730,A:e,,,,,1.34,A
USGS,6481000,5/4/2020,1710,A:e,,,,,1.3,A
USGS,6481000,5/5/2020,1730,A:e,,,,,1.38,A
USGS,6481000,5/6/2020,1890,A,,,8.48,A,1.62,A
USGS,6481000,5/7/2020,2030,A,,,8.77,A,1.85,A
USGS,6481000,5/8/2020,2080,A,,,8.87,A,1.9,A
USGS,6481000,5/9/2020,2080,A,,,8.87,A,1.9,A
USGS,6481000,5/10/2020,2080,A,,,8.86,A,2.01,A
USGS,6481000,5/11/2020,2060,A,,,8.82,A,2.22,A
USGS,6481000,5/12/2020,2010,A,,,8.7,A,2.3,A
USGS,6481000,5/13/2020,1930,A,,,8.53,A,2.17,A
USGS,6481000,5/14/2020,1860,A,,,8.38,A,2.04,A
USGS,6481000,5/15/2020,1820,A,,,8.27,A,1.91,A
USGS,6481000,5/16/2020,1770,A,,,8.17,A,1.88,A
USGS,6481000,5/17/2020,1850,A,,,8.33,A,1.8,A
USGS,6481000,5/18/2020,2070,A,,,8.81,A,1.84,A
USGS,6481000,5/19/2020,2240,A,,,9.14,A,1.98,A
USGS,6481000,5/20/2020,2270,A,,,9.2,A,2.09,A
USGS,6481000,5/21/2020,2190,A,,,9.03,A,2.11,A
USGS,6481000,5/22/2020,2080,A,,,8.8,A,2.08,A
USGS,6481000,5/23/2020,1980,A,,,8.6,A,2.02,A
USGS,6481000,5/24/2020,2010,A,,,8.65,A,2.07,A
USGS,6481000,5/25/2020,2020,A,,,8.67,A,2.17,A
USGS,6481000,5/26/2020,2100,A,,,8.82,A,2.12,A
USGS,6481000,5/27/2020,2100,A,,,8.83,A,2.06,A
USGS,6481000,5/28/2020,2040,A,,,8.7,A,2.1,A
USGS,6481000,5/29/2020,1930,A,,,8.47,A,2.02,A
USGS,6481000,5/30/2020,1810,A,,,8.2,A,1.95,A
USGS,6481000,5/31/2020,1690,A,,,7.94,A,1.9,A
USGS,6481000,6/1/2020,1590,A,,,7.71,A,1.93,A
USGS,6481000,6/2/2020,1510,A,,,7.53,A,1.92,A
USGS,6481000,6/3/2020,1420,A,,,7.32,A,1.89,A
USGS,6481000,6/4/2020,1350,A,,,7.14,A,1.85,A
USGS,6481000,6/5/2020,1280,A,,,6.97,A,1.79,A
USGS,6481000,6/6/2020,1230,A,,,6.82,A,1.77,A
USGS,6481000,6/7/2020,1200,A:e,,,,,1.73,A
USGS,6481000,6/8/2020,1190,A:e,,,,,1.8,A
USGS,6481000,6/9/2020,1180,A,,,6.71,A,1.89,A
USGS,6481000,6/10/2020,1180,A,,,6.7,A,1.93,A
USGS,6481000,6/11/2020,1180,A,,,6.69,A,2.04,A
USGS,6481000,6/12/2020,1140,A,,,6.58,A,2.25,A
USGS,6481000,6/13/2020,1070,A,,,6.42,A,2.24,A
USGS,6481000,6/14/2020,1020,A,,,6.27,A,2.18,A
USGS,6481000,6/15/2020,961,A,,,6.13,A,2.06,A
USGS,6481000,6/16/2020,923,A,,,6.02,A,1.96,A
USGS,6481000,6/17/2020,865,A,,,5.85,A,1.8,A
USGS,6481000,6/18/2020,882,A,,,5.89,A,2.03,A
USGS,6481000,6/19/2020,916,A,,,5.99,A,2.29,A
USGS,6481000,6/20/2020,992,A,,,6.19,A,2.35,A
USGS,6481000,6/21/2020,1060,A,,,6.37,A,2.58,A
USGS,6481000,6/22/2020,1080,A,,,6.42,A,2.74,A
USGS,6481000,6/23/2020,1030,A,,,6.27,A,2.77,A
USGS,6481000,6/24/2020,956,A,,,6.09,A,2.64,A
USGS,6481000,6/25/2020,905,A,,,5.93,A,2.54,A
USGS,6481000,6/26/2020,916,A,,,5.96,A,2.4,A
USGS,6481000,6/27/2020,1020,A,,,6.23,A,2.49,A
USGS,6481000,6/28/2020,1150,A,,,6.57,A,2.61,A
USGS,6481000,6/29/2020,1170,A,,,6.6,A,2.58,A
USGS,6481000,6/30/2020,1110,A,,,6.47,A,2.53,A
USGS,6481000,7/1/2020,1090,A,,,6.42,A,2.41,A
USGS,6481000,7/2/2020,1120,A,,,6.47,A,2.52,A
USGS,6481000,7/3/2020,1040,A,,,6.26,A,2.62,A
USGS,6481000,7/4/2020,942,A,,,6.01,A,2.57,A
USGS,6481000,7/5/2020,865,A,,,5.79,A,2.5,A
USGS,6481000,7/6/2020,897,A,,,5.87,A,2.43,A
USGS,6481000,7/7/2020,927,A,,,5.96,A,2.6,A
USGS,6481000,7/8/2020,944,A,,,6,A,2.72,A
USGS,6481000,7/9/2020,887,A,,,5.84,A,2.7,A
USGS,6481000,7/10/2020,822,A,,,5.64,A,2.76,A
USGS,6481000,7/11/2020,761,A,,,5.46,A,2.62,A
USGS,6481000,7/12/2020,705,A,,,5.3,A,2.44,A
USGS,6481000,7/13/2020,656,A,,,5.15,A,2.21,A
USGS,6481000,7/14/2020,631,A,,,5.07,A,2.09,A
USGS,6481000,7/15/2020,617,A,,,5.03,A,2,A
USGS,6481000,7/16/2020,593,A,,,4.95,A,2,A
USGS,6481000,7/17/2020,561,A,,,4.85,A,2.18,A
USGS,6481000,7/18/2020,531,A,,,4.76,A,2.15,A
USGS,6481000,7/19/2020,503,A,,,4.67,A,2.06,A
USGS,6481000,7/20/2020,476,A,,,4.59,A,2.03,A
USGS,6481000,7/21/2020,485,A,,,4.61,A,1.92,A
USGS,6481000,7/22/2020,585,A,,,4.9,A,1.72,A
USGS,6481000,7/23/2020,774,A,,,5.46,A,1.72,A
USGS,6481000,7/24/2020,830,A,,,5.62,A,1.68,A
USGS,6481000,7/25/2020,822,A,,,5.6,A,1.52,A
USGS,6481000,7/26/2020,723,A,,,5.3,A,1.43,A
USGS,6481000,7/27/2020,651,A,,,5.09,A,1.16,A
USGS,6481000,7/28/2020,672,A,,,5.15,A,1.1,A
USGS,6481000,7/29/2020,726,A,,,5.31,A,1.05,A
USGS,6481000,7/30/2020,725,A,,,5.31,A,1.17,A
USGS,6481000,7/31/2020,655,A,,,5.1,A,0.9,A
USGS,6481000,8/1/2020,609,A,,,4.96,A,0.59,A
USGS,6481000,8/2/2020,582,A,,,4.88,A,0.47,A
USGS,6481000,8/3/2020,537,A,,,4.75,A,0.55,A
USGS,6481000,8/4/2020,522,A,,,4.7,A,0.37,A
USGS,6481000,8/5/2020,484,A,,,4.59,A,0.74,A
USGS,6481000,8/6/2020,447,A,,,4.48,A,0.48,A
USGS,6481000,8/7/2020,427,A,,,4.42,A,0.51,A
USGS,6481000,8/8/2020,408,A,,,4.36,A,0.52,A
USGS,6481000,8/9/2020,408,A,,,4.36,A,0.52,A
USGS,6481000,8/10/2020,398,A,,,4.33,A,0.38,A
USGS,6481000,8/11/2020,399,A,,,4.33,A,0.3,A
USGS,6481000,8/12/2020,409,A,,,4.36,A,0.3,A
USGS,6481000,8/13/2020,431,A,,,4.42,A,0.3,A
USGS,6481000,8/14/2020,409,A,,,4.35,A,0.3,A
USGS,6481000,8/15/2020,382,A,,,4.27,A,0.27,A
USGS,6481000,8/16/2020,364,A,,,4.22,A,0.29,A
USGS,6481000,8/17/2020,342,A,,,4.15,A,0.3,A
USGS,6481000,8/18/2020,325,A,,,4.1,A,0.3,A
USGS,6481000,8/19/2020,308,A,,,4.05,A,0.3,A
USGS,6481000,8/20/2020,297,A,,,4.01,A,0.22,A
USGS,6481000,8/21/2020,287,A,,,3.98,A,0.2,A
USGS,6481000,8/22/2020,272,A,,,3.94,A,0.22,A
USGS,6481000,8/23/2020,260,A,,,3.9,A,0.24,A
USGS,6481000,8/24/2020,246,A,,,3.86,A,0.23,A
USGS,6481000,8/25/2020,235,A,,,3.83,A,0.24,A
USGS,6481000,8/26/2020,221,A,,,3.78,A,0.24,A
USGS,6481000,8/27/2020,212,A,,,3.75,A,0.23,A
USGS,6481000,8/28/2020,212,A,,,3.75,A,0.21,A
USGS,6481000,8/29/2020,213,A,,,3.75,A,0.2,A
USGS,6481000,8/30/2020,217,A,,,3.76,A,0.2,A
USGS,6481000,8/31/2020,213,A,,,3.75,A,0.2,A
USGS,6481000,9/1/2020,230,A,,,3.8,A,0.2,A
USGS,6481000,9/2/2020,255,A,,,3.87,A,0.2,A
USGS,6481000,9/3/2020,243,A,,,3.84,A,0.13,A
USGS,6481000,9/4/2020,241,A,,,3.83,A,0.11,A
USGS,6481000,9/5/2020,227,A,,,3.78,A,0.12,A
USGS,6481000,9/6/2020,211,A,,,3.73,A,0.12,A
USGS,6481000,9/7/2020,200,A,,,3.7,A,0.15,A
USGS,6481000,9/8/2020,197,A,,,3.68,A,0.39,A
USGS,6481000,9/9/2020,196,A,,,3.68,A,0.59,A
USGS,6481000,9/10/2020,203,A,,,3.7,A,0.66,A
USGS,6481000,9/11/2020,206,A,,,3.71,A,0.88,A
USGS,6481000,9/12/2020,221,A,,,3.76,A,1.21,A
USGS,6481000,9/13/2020,224,A,,,3.76,A,1.51,A
USGS,6481000,9/14/2020,227,A,,,3.77,A,1.74,A
USGS,6481000,9/15/2020,228,A,,,3.78,A,1.83,A
USGS,6481000,9/16/2020,218,A,,,3.74,A,1.92,A
USGS,6481000,9/17/2020,207,A,,,3.71,A,1.85,A
USGS,6481000,9/18/2020,199,A,,,3.68,A,1.58,A
USGS,6481000,9/19/2020,192,A,,,3.65,A,1.27,A
USGS,6481000,9/20/2020,185,A,,,3.63,A,1.03,A
USGS,6481000,9/21/2020,179,A,,,3.61,A,0.88,A
USGS,6481000,9/22/2020,175,A,,,3.59,A,0.78,A
USGS,6481000,9/23/2020,170,A,,,3.57,A,0.43,A
USGS,6481000,9/24/2020,166,A,,,3.55,A,0.27,A
USGS,6481000,9/25/2020,162,A,,,3.54,A,0.33,A
USGS,6481000,9/26/2020,160,A,,,3.53,A,0.54,A
USGS,6481000,9/27/2020,155,A,,,3.51,A,0.73,A
USGS,6481000,9/28/2020,151,A,,,3.49,A,0.85,A
USGS,6481000,9/29/2020,151,A,,,3.49,A,0.81,A
USGS,6481000,9/30/2020,148,A,,,3.48,A,0.92,A
USGS,6481000,10/1/2020,146,A,,,3.47,A,0.87,A
USGS,6481000,10/2/2020,147,A,,,3.47,A,0.55,A
USGS,6481000,10/3/2020,145,A,,,3.47,A,0.58,A
USGS,6481000,10/4/2020,143,A,,,3.46,A,0.73,A
USGS,6481000,10/5/2020,143,A,,,3.45,A,0.73,A
USGS,6481000,10/6/2020,141,A,,,3.45,A,0.87,A
USGS,6481000,10/7/2020,139,A,,,3.44,A,0.97,A
USGS,6481000,10/8/2020,138,A,,,3.43,A,0.92,A
USGS,6481000,10/9/2020,134,A,,,3.41,A,0.9,A
USGS,6481000,10/10/2020,132,A,,,3.4,A,0.55,A
USGS,6481000,10/11/2020,128,A,,,3.39,A,0.2,A
USGS,6481000,10/12/2020,131,A,,,3.4,A,0.2,A
USGS,6481000,10/13/2020,129,A,,,3.39,A,0.2,A
USGS,6481000,10/14/2020,124,A,,,3.37,A,0.2,A
USGS,6481000,10/15/2020,121,A,,,3.35,A,0.17,A
USGS,6481000,10/16/2020,123,A,,,3.36,A,0.14,A
USGS,6481000,10/17/2020,120,A,,,3.35,A,0.14,A
USGS,6481000,10/18/2020,120,A,,,3.34,A,0.1,A
USGS,6481000,10/19/2020,122,A,,,3.35,A,0.1,A
USGS,6481000,10/20/2020,137,A,,,3.42,A,0.17,A
USGS,6481000,10/21/2020,140,P,,,3.43,P,,
USGS,6481000,10/22/2020,,,,,,,,
USGS,6481000,10/23/2020,,,,,,,,
USGS,6481000,10/24/2020,155,P,,,3.49,P,,
USGS,6481000,10/25/2020,156,P,,,3.5,P,,
USGS,6481000,10/26/2020,166,P,,,3.53,P,,
USGS,6481000,10/27/2020,143,P,,,3.44,P,,
USGS,6481000,10/28/2020,133,P,,,3.4,P,,
USGS,6481000,10/29/2020,157,P,,,3.5,P,,
USGS,6481000,10/30/2020,161,P,,,3.51,P,,
USGS,6481000,10/31/2020,180,P,,,3.59,P,,
USGS,6481000,11/1/2020,180,P,,,3.58,P,,
USGS,6481000,11/2/2020,180,P,,,3.59,P,,
USGS,6481000,11/3/2020,185,P,,,3.6,P,,
USGS,6481000,11/4/2020,190,P,,,3.62,P,,
USGS,6481000,11/5/2020,194,P,,,3.63,P,,
USGS,6481000,11/6/2020,186,P,,,3.61,P,,
USGS,6481000,11/7/2020,179,P,,,3.58,P,,
USGS,6481000,11/8/2020,194,P,,,3.64,P,,
USGS,6481000,11/9/2020,243,P,,,3.79,P,,
USGS,6481000,11/10/2020,298,P,,,3.95,P,,
USGS,6481000,11/11/2020,350,P,,,4.1,P,,
USGS,6481000,11/12/2020,393,P,,,4.23,P,,
USGS,6481000,11/13/2020,,P,,,4.22,P,,
USGS,6481000,11/14/2020,,P,,,4.04,P,,
USGS,6481000,11/15/2020,,P,,,4.17,P,,
USGS,6481000,11/16/2020,,P,,,4.28,P,,
USGS,6481000,11/17/2020,,P,,,4.24,P,,
USGS,6481000,11/18/2020,,P,,,4.19,P,,
USGS,6481000,11/19/2020,,P,,,4.17,P,,
USGS,6481000,11/20/2020,,P,,,4.15,P,,
USGS,6481000,11/21/2020,,P,,,4.14,P,,
USGS,6481000,11/22/2020,,P,,,4.11,P,,
USGS,6481000,11/23/2020,,P,,,4.08,P,,
USGS,6481000,11/24/2020,,P,,,4.04,P,,
USGS,6481000,11/25/2020,,P,,,4.04,P,,
USGS,6481000,11/26/2020,,P,,,4.01,P,,
USGS,6481000,11/27/2020,,P,,,3.98,P,,
USGS,6481000,11/28/2020,,P,,,3.93,P,,
USGS,6481000,11/29/2020,,P,,,3.9,P,,
USGS,6481000,11/30/2020,,P,,,3.96,P,,
USGS,6481000,12/1/2020,,P,,,3.61,P,,
USGS,6481000,12/2/2020,,P,,,3.76,P,,
USGS,6481000,12/3/2020,,P,,,3.9,P,,
USGS,6481000,12/4/2020,,P,,,3.93,P,,
USGS,6481000,12/5/2020,,P,,,4.01,P,,
USGS,6481000,12/6/2020,,P,,,3.99,P,,
USGS,6481000,12/7/2020,,P,,,3.99,P,,
USGS,6481000,12/8/2020,,P,,,3.95,P,,
USGS,6481000,12/9/2020,,P,,,3.93,P,,
USGS,6481000,12/10/2020,,P,,,3.9,P,,
USGS,6481000,12/11/2020,,P,,,3.91,P,,
USGS,6481000,12/12/2020,,P,,,3.81,P,,
USGS,6481000,12/13/2020,,P,,,3.94,P,,
USGS,6481000,12/14/2020,,P,,,3.69,P,,
USGS,6481000,12/15/2020,,P,,,3.55,P,,
USGS,6481000,12/16/2020,,P,,,3.82,P,,
USGS,6481000,12/17/2020,,P,,,3.83,P,,
USGS,6481000,12/18/2020,,P,,,3.82,P,,
USGS,6481000,12/19/2020,,P,,,3.8,P,,
USGS,6481000,12/20/2020,,P,,,3.78,P,,
USGS,6481000,12/21/2020,,P,,,3.76,P,,
USGS,6481000,12/22/2020,,P,,,3.74,P,,
USGS,6481000,12/23/2020,,P,,,3.71,P,,
USGS,6481000,12/24/2020,,P,,,3.59,P,,
USGS,6481000,12/25/2020,,P,,,3.52,P,,
USGS,6481000,12/26/2020,,P,,,3.51,P,,
USGS,6481000,12/27/2020,,P,,,3.63,P,,
USGS,6481000,12/28/2020,,P,,,3.63,P,,
USGS,6481000,12/29/2020,,P,,,3.66,P,,
USGS,6481000,12/30/2020,,P,,,3.67,P,,
USGS,6481000,12/31/2020,,P,,,3.69,P,,
USGS,6481000,1/1/2021,,P,,,3.71,P,,
USGS,6481000,1/2/2021,,P,,,3.72,P,,
USGS,6481000,1/3/2021,,P,,,3.72,P,,
USGS,6481000,1/4/2021,,P,,,3.73,P,,
USGS,6481000,1/5/2021,,P,,,3.74,P,,
USGS,6481000,1/6/2021,,P,,,3.77,P,,
USGS,6481000,1/7/2021,,P,,,3.79,P,,
USGS,6481000,1/8/2021,,P,,,3.8,P,,
USGS,6481000,1/9/2021,,P,,,3.81,P,,
USGS,6481000,1/10/2021,,P,,,3.83,P,,
USGS,6481000,1/11/2021,,P,,,3.86,P,,
USGS,6481000,1/12/2021,,P,,,3.89,P,,
USGS,6481000,1/13/2021,,P,,,3.92,P,,
USGS,6481000,1/14/2021,,P,,,3.99,P,,
USGS,6481000,1/15/2021,,P,,,4.02,P,,
USGS,6481000,1/16/2021,,P,,,4.03,P,,
USGS,6481000,1/17/2021,,P,,,4.03,P,,
USGS,6481000,1/18/2021,,P,,,4.01,P,,
USGS,6481000,1/19/2021,,P,,,3.99,P,,
USGS,6481000,1/20/2021,,P,,,3.96,P,,
USGS,6481000,1/21/2021,,P,,,3.97,P,,
USGS,6481000,1/22/2021,,P,,,3.97,P,,
USGS,6481000,1/23/2021,,P,,,4.03,P,,
USGS,6481000,1/24/2021,,P,,,4.01,P,,
USGS,6481000,1/25/2021,,P,,,4.03,P,,
USGS,6481000,1/26/2021,,P,,,4,P,,
USGS,6481000,1/27/2021,,P,,,4,P,,
USGS,6481000,1/28/2021,,P,,,3.99,P,,
USGS,6481000,1/29/2021,,P,,,4,P,,
USGS,6481000,1/30/2021,,P,,,3.99,P,,
USGS,6481000,1/31/2021,,P,,,4,P,,
USGS,6481000,2/1/2021,,P,,,3.99,P,,
USGS,6481000,2/2/2021,,P,,,3.99,P,,
USGS,6481000,2/3/2021,,P,,,3.99,P,,
USGS,6481000,2/4/2021,,P,,,4.04,P,,
USGS,6481000,2/5/2021,,P,,,4.04,P,,
USGS,6481000,2/6/2021,,P,,,4.02,P,,
USGS,6481000,2/7/2021,,P,,,3.96,P,,
USGS,6481000,2/8/2021,,P,,,3.97,P,,
USGS,6481000,2/9/2021,,P,,,3.97,P,,
USGS,6481000,2/10/2021,,P,,,3.96,P,,
USGS,6481000,2/11/2021,,P,,,3.95,P,,
USGS,6481000,2/12/2021,,P,,,3.95,P,,
USGS,6481000,2/13/2021,,P,,,3.95,P,,
USGS,6481000,2/14/2021,,P,,,3.93,P,,
USGS,6481000,2/15/2021,,P,,,3.9,P,,
USGS,6481000,2/16/2021,,P,,,3.86,P,,
USGS,6481000,2/17/2021,,P,,,3.85,P,,
USGS,6481000,2/18/2021,,P,,,3.85,P,,
USGS,6481000,2/19/2021,,P,,,3.85,P,,
USGS,6481000,2/20/2021,,P,,,3.83,P,,
USGS,6481000,2/21/2021,,P,,,3.85,P,,
USGS,6481000,2/22/2021,,P,,,3.86,P,,
USGS,6481000,2/23/2021,,,,,,,,
USGS,6481000,2/24/2021,,P,,,4.01,P,,
USGS,6481000,2/25/2021,,P,,,3.98,P,,
USGS,6481000,2/26/2021,,P,,,3.97,P,,
USGS,6481000,2/27/2021,,P,,,4.01,P,,
USGS,6481000,2/28/2021,,,,,,,,
USGS,6481000,3/1/2021,,P,,,4.12,P,,
USGS,6481000,3/2/2021,,P,,,4.19,P,,
USGS,6481000,3/3/2021,,P,,,4.33,P,,
USGS,6481000,3/4/2021,,P,,,4.61,P,,
USGS,6481000,3/5/2021,,P,,,5.36,P,,
USGS,6481000,3/6/2021,,P,,,5.88,P,,
USGS,6481000,3/7/2021,,P,,,6.18,P,,
USGS,6481000,3/8/2021,,P,,,6.43,P,,
USGS,6481000,3/9/2021,,P,,,6.93,P,,
USGS,6481000,3/10/2021,,P,,,6.94,P,,
USGS,6481000,3/11/2021,,P,,,6.05,P,,
USGS,6481000,3/12/2021,,P,,,5.81,P,,
USGS,6481000,3/13/2021,837,P,,,5.56,P,,
USGS,6481000,3/14/2021,,,,,,,,
USGS,6481000,3/15/2021,,,,,,,,
USGS,6481000,3/16/2021,679,P,,,5.08,P,,
USGS,6481000,3/17/2021,645,P,,,4.98,P,,
USGS,6481000,3/18/2021,636,P,,,4.95,P,,
USGS,6481000,3/19/2021,634,P,,,4.95,P,,
USGS,6481000,3/20/2021,655,P,,,5.01,P,,
USGS,6481000,3/21/2021,760,P,,,5.33,P,,
USGS,6481000,3/22/2021,997,P,,,6.02,P,,
USGS,6481000,3/23/2021,1090,P,,,6.28,P,,
USGS,6481000,3/24/2021,1220,P,,,6.6,P,,
USGS,6481000,3/25/2021,1350,P,,,6.96,P,,
USGS,6481000,3/26/2021,1350,P,,,6.95,P,,
USGS,6481000,3/27/2021,1270,P,,,6.75,P,,
USGS,6481000,3/28/2021,1180,P,,,6.51,P,,
USGS,6481000,3/29/2021,1100,P,,,6.3,P,,
USGS,6481000,3/30/2021,,,,,,,,
USGS,6481000,3/31/2021,948,P,,,5.89,P,2.81,P
USGS,6481000,4/1/2021,,,,,5.66,P,2.57,P
