agency_cd,site_no,parameter_cd,ts_id,month_nu,day_nu,begin_yr,end_yr,count_nu,max_va_yr,max_va,min_va_yr,min_va,mean_va,p05_va,p10_va,p20_va,p25_va,p50_va,p75_va,p80_va,p90_va,p95_va
USGS,6481000,99133,265807,4,6,2019,2019,1,2019,2.45,2019,2.45,2.45,,,,,2.45,,,,
USGS,6481000,99133,265807,4,7,2017,2019,2,2019,3.22,2017,2.23,2.73,,,,,2.73,,,,
USGS,6481000,99133,265807,4,8,2017,2019,2,2019,3.04,2017,2.21,2.63,,,,,2.63,,,,
USGS,6481000,99133,265807,4,9,2017,2019,2,2019,2.65,2017,2.18,2.41,,,,,2.41,,,,
USGS,6481000,99133,265807,4,10,2017,2017,1,2017,2.23,2017,2.23,2.23,,,,,2.23,,,,
USGS,6481000,99133,265807,4,11,2017,2017,1,2017,2.28,2017,2.28,2.28,,,,,2.28,,,,
USGS,6481000,99133,265807,4,12,2017,2017,1,2017,2.37,2017,2.37,2.37,,,,,2.37,,,,
USGS,6481000,99133,265807,4,13,2017,2019,2,2017,2.41,2019,1.81,2.11,,,,,2.11,,,,
USGS,6481000,99133,265807,4,14,2017,2019,2,2017,2.39,2019,1.9,2.14,,,,,2.14,,,,
USGS,6481000,99133,265807,4,15,2017,2019,2,2017,2.37,2019,1.98,2.17,,,,,2.17,,,,
USGS,6481000,99133,265807,4,16,2017,2019,2,2017,2.24,2019,2.23,2.24,,,,,2.24,,,,
USGS,6481000,99133,265807,4,17,2017,2019,2,2019,2.4,2017,2,2.2,,,,,2.2,,,,
USGS,6481000,99133,265807,4,18,2017,2019,2,2019,2.39,2017,1.74,2.06,,,,,2.06,,,,
USGS,6481000,99133,265807,4,19,2017,2019,2,2019,2.13,2017,1.61,1.87,,,,,1.87,,,,
USGS,6481000,99133,265807,4,20,2017,2019,2,2019,1.85,2017,1.76,1.81,,,,,1.81,,,,
USGS,6481000,99133,265807,4,21,2017,2019,2,2017,1.98,2019,1.58,1.78,,,,,1.78,,,,
USGS,6481000,99133,265807,4,22,2017,2019,2,2017,1.95,2019,1.33,1.64,,,,,1.64,,,,
USGS,6481000,99133,265807,4,23,2017,2019,2,2017,1.92,2019,1.3,1.61,,,,,1.61,,,,
USGS,6481000,99133,265807,4,24,2017,2020,3,2017,1.87,2019,1.16,1.57,,,,1.16,1.67,1.87,,,
USGS,6481000,99133,265807,4,25,2017,2020,3,2017,1.85,2019,1.08,1.51,,,,1.08,1.6,1.85,,,
USGS,6481000,99133,265807,4,26,2017,2020,3,2017,1.78,2019,1.07,1.49,,,,1.07,1.62,1.78,,,
USGS,6481000,99133,265807,4,27,2017,2020,2,2017,1.84,2020,1.6,1.72,,,,,1.72,,,,
USGS,6481000,99133,265807,4,28,2017,2020,2,2017,1.98,2020,1.56,1.77,,,,,1.77,,,,
USGS,6481000,99133,265807,4,29,2017,2020,2,2017,2,2020,1.57,1.78,,,,,1.78,,,,
USGS,6481000,99133,265807,4,30,2017,2020,2,2017,2.17,2020,1.5,1.83,,,,,1.83,,,,
USGS,6481000,99133,265807,5,1,2020,2020,1,2020,1.5,2020,1.5,1.5,,,,,1.5,,,,
USGS,6481000,99133,265807,5,2,2020,2020,1,2020,1.46,2020,1.46,1.46,,,,,1.46,,,,
USGS,6481000,99133,265807,5,3,2017,2020,2,2017,3.89,2020,1.34,2.62,,,,,2.62,,,,
USGS,6481000,99133,265807,5,4,2017,2020,2,2017,4.08,2020,1.3,2.69,,,,,2.69,,,,
USGS,6481000,99133,265807,5,5,2017,2020,2,2017,3.78,2020,1.38,2.58,,,,,2.58,,,,
USGS,6481000,99133,265807,5,6,2017,2020,2,2017,3.44,2020,1.62,2.53,,,,,2.53,,,,
USGS,6481000,99133,265807,5,7,2017,2020,2,2017,3.1,2020,1.85,2.47,,,,,2.47,,,,
USGS,6481000,99133,265807,5,8,2017,2020,2,2017,2.8,2020,1.9,2.35,,,,,2.35,,,,
USGS,6481000,99133,265807,5,9,2017,2020,2,2017,2.38,2020,1.9,2.14,,,,,2.14,,,,
USGS,6481000,99133,265807,5,10,2017,2020,2,2017,2.17,2020,2.01,2.09,,,,,2.09,,,,
USGS,6481000,99133,265807,5,11,2017,2020,2,2020,2.22,2017,2.06,2.14,,,,,2.14,,,,
USGS,6481000,99133,265807,5,12,2017,2020,2,2020,2.3,2017,1.91,2.1,,,,,2.1,,,,
USGS,6481000,99133,265807,5,13,2017,2020,2,2020,2.17,2017,1.71,1.94,,,,,1.94,,,,
USGS,6481000,99133,265807,5,14,2017,2020,2,2020,2.04,2017,1.48,1.76,,,,,1.76,,,,
USGS,6481000,99133,265807,5,15,2017,2020,2,2020,1.91,2017,1.4,1.66,,,,,1.66,,,,
USGS,6481000,99133,265807,5,16,2017,2020,2,2020,1.88,2017,1.33,1.61,,,,,1.61,,,,
USGS,6481000,99133,265807,5,17,2017,2020,2,2020,1.8,2017,1.6,1.7,,,,,1.7,,,,
USGS,6481000,99133,265807,5,18,2017,2020,2,2017,2.91,2020,1.84,2.37,,,,,2.37,,,,
USGS,6481000,99133,265807,5,19,2017,2020,2,2017,4.48,2020,1.98,3.23,,,,,3.23,,,,
USGS,6481000,99133,265807,5,20,2017,2020,2,2017,4.87,2020,2.09,3.48,,,,,3.48,,,,
USGS,6481000,99133,265807,5,21,2017,2020,2,2017,5.44,2020,2.11,3.78,,,,,3.78,,,,
USGS,6481000,99133,265807,5,22,2019,2020,2,2020,2.08,2019,1.47,1.77,,,,,1.77,,,,
USGS,6481000,99133,265807,5,23,2019,2020,2,2020,2.02,2019,1.71,1.86,,,,,1.86,,,,
USGS,6481000,99133,265807,5,24,2019,2020,2,2020,2.07,2019,1.8,1.94,,,,,1.94,,,,
USGS,6481000,99133,265807,5,25,2019,2020,2,2020,2.17,2019,1.74,1.96,,,,,1.96,,,,
USGS,6481000,99133,265807,5,26,2019,2020,2,2020,2.12,2019,1.46,1.79,,,,,1.79,,,,
USGS,6481000,99133,265807,5,27,2019,2020,2,2020,2.06,2019,1.25,1.66,,,,,1.66,,,,
USGS,6481000,99133,265807,5,28,2019,2020,2,2020,2.1,2019,1.76,1.93,,,,,1.93,,,,
USGS,6481000,99133,265807,5,29,2019,2020,2,2020,2.02,2019,1.8,1.91,,,,,1.91,,,,
USGS,6481000,99133,265807,5,30,2019,2020,2,2020,1.95,2019,1.8,1.88,,,,,1.88,,,,
USGS,6481000,99133,265807,5,31,2019,2020,2,2020,1.9,2019,1.76,1.83,,,,,1.83,,,,
USGS,6481000,99133,265807,6,1,2017,2020,3,2017,3.75,2019,1.61,2.43,,,,1.61,1.93,3.75,,,
USGS,6481000,99133,265807,6,2,2017,2020,3,2017,3.61,2019,1.55,2.36,,,,1.55,1.92,3.61,,,
USGS,6481000,99133,265807,6,3,2017,2020,3,2017,3.39,2019,1.5,2.26,,,,1.5,1.89,3.39,,,
USGS,6481000,99133,265807,6,4,2017,2020,3,2017,3.13,2019,1.49,2.16,,,,1.49,1.85,3.13,,,
USGS,6481000,99133,265807,6,5,2017,2020,3,2017,2.8,2019,1.49,2.03,,,,1.49,1.79,2.8,,,
USGS,6481000,99133,265807,6,6,2017,2020,3,2017,2.54,2019,1.5,1.94,,,,1.5,1.77,2.54,,,
USGS,6481000,99133,265807,6,7,2017,2020,3,2017,2.33,2019,1.5,1.85,,,,1.5,1.73,2.33,,,
USGS,6481000,99133,265807,6,8,2017,2020,3,2017,2.28,2019,1.5,1.86,,,,1.5,1.8,2.28,,,
USGS,6481000,99133,265807,6,9,2017,2020,3,2017,2.26,2019,1.5,1.88,,,,1.5,1.89,2.26,,,
USGS,6481000,99133,265807,6,10,2017,2020,3,2017,2.21,2019,1.51,1.88,,,,1.51,1.93,2.21,,,
USGS,6481000,99133,265807,6,11,2017,2020,3,2017,2.3,2019,1.64,1.99,,,,1.64,2.04,2.3,,,
USGS,6481000,99133,265807,6,12,2017,2020,3,2017,2.48,2019,1.85,2.19,,,,1.85,2.25,2.48,,,
USGS,6481000,99133,265807,6,13,2017,2020,3,2017,2.9,2019,1.96,2.37,,,,1.96,2.24,2.9,,,
USGS,6481000,99133,265807,6,14,2017,2020,3,2017,3.69,2019,2,2.62,,,,2,2.18,3.69,,,
USGS,6481000,99133,265807,6,15,2017,2020,3,2017,4.68,2019,1.94,2.89,,,,1.94,2.06,4.68,,,
USGS,6481000,99133,265807,6,16,2017,2020,3,2017,4.82,2019,1.83,2.87,,,,1.83,1.96,4.82,,,
USGS,6481000,99133,265807,6,17,2017,2020,3,2017,4.74,2020,1.8,2.84,,,,1.8,1.97,4.74,,,
USGS,6481000,99133,265807,6,18,2017,2020,3,2017,4.6,2019,2,2.88,,,,2,2.03,4.6,,,
USGS,6481000,99133,265807,6,19,2017,2020,3,2017,4.03,2019,2.05,2.79,,,,2.05,2.29,4.03,,,
USGS,6481000,99133,265807,6,20,2017,2020,4,2017,2.84,2019,2,2.47,,,2,2.09,2.53,2.8,2.84,,
USGS,6481000,99133,265807,6,21,2017,2020,4,2018,5.35,2019,2,3.06,,,2,2.08,2.45,4.66,5.35,,
USGS,6481000,99133,265807,6,22,2017,2020,4,2018,5.77,2019,2,3.24,,,2,2.11,2.59,5.01,5.77,,
USGS,6481000,99133,265807,6,23,2017,2020,4,2018,6.18,2019,2,3.38,,,2,2.14,2.66,5.33,6.18,,
USGS,6481000,99133,265807,6,24,2017,2020,4,2018,5.7,2019,2.01,3.14,,,2.01,2.06,2.43,4.94,5.7,,
USGS,6481000,99133,265807,6,25,2017,2020,4,2018,5.04,2017,1.89,2.88,,,1.89,1.93,2.29,4.42,5.04,,
USGS,6481000,99133,265807,6,26,2017,2020,4,2018,4.81,2017,1.46,2.69,,,1.46,1.62,2.25,4.21,4.81,,
USGS,6481000,99133,265807,6,27,2017,2020,4,2018,4.74,2019,2.23,2.94,,,2.23,2.25,2.39,4.18,4.74,,
USGS,6481000,99133,265807,6,28,2017,2020,4,2018,4.45,2020,2.61,3.23,,,2.61,2.63,2.93,4.12,4.45,,
USGS,6481000,99133,265807,6,29,2017,2020,4,2018,4.35,2017,2.35,3.02,,,2.35,2.41,2.7,3.96,4.35,,
USGS,6481000,99133,265807,6,30,2017,2020,4,2018,4.3,2017,2.24,2.9,,,2.24,2.31,2.53,3.86,4.3,,
USGS,6481000,99133,265807,7,1,2017,2020,3,2020,2.41,2017,2.02,2.26,,,,2.02,2.34,2.41,,,
USGS,6481000,99133,265807,7,2,2017,2020,4,2018,3.8,2017,1.82,2.57,,,1.82,1.9,2.33,3.48,3.8,,
USGS,6481000,99133,265807,7,3,2017,2020,4,2018,3.62,2017,1.61,2.46,,,1.61,1.71,2.31,3.37,3.62,,
USGS,6481000,99133,265807,7,4,2017,2020,4,2018,3.45,2017,1.43,2.34,,,1.43,1.55,2.25,3.23,3.45,,
USGS,6481000,99133,265807,7,5,2017,2020,4,2018,2.88,2017,1.13,2.12,,,1.13,1.34,2.23,2.79,2.88,,
USGS,6481000,99133,265807,7,6,2017,2020,4,2018,2.83,2017,0.93,2.06,,,0.93,1.21,2.25,2.73,2.83,,
USGS,6481000,99133,265807,7,7,2017,2020,4,2018,2.84,2017,0.79,2.04,,,0.79,1.08,2.27,2.78,2.84,,
USGS,6481000,99133,265807,7,8,2017,2020,4,2020,2.72,2017,0.66,1.97,,,0.66,0.95,2.25,2.72,2.72,,
USGS,6481000,99133,265807,7,9,2017,2020,4,2018,2.82,2017,0.52,1.94,,,0.52,0.81,2.2,2.79,2.82,,
USGS,6481000,99133,265807,7,10,2017,2020,4,2018,3.07,2017,0.5,2.02,,,0.5,0.82,2.26,2.99,3.07,,
USGS,6481000,99133,265807,7,11,2017,2020,4,2018,3.2,2017,0.49,2.05,,,0.49,0.84,2.25,3.06,3.2,,
USGS,6481000,99133,265807,7,12,2017,2020,4,2018,3.13,2017,0.54,1.95,,,0.54,0.83,2.07,2.96,3.13,,
USGS,6481000,99133,265807,7,13,2017,2020,4,2018,2.96,2017,0.48,1.79,,,0.48,0.74,1.87,2.77,2.96,,
USGS,6481000,99133,265807,7,14,2017,2020,4,2018,2.98,2017,0.46,1.72,,,0.46,0.68,1.72,2.76,2.98,,
USGS,6481000,99133,265807,7,15,2017,2020,4,2018,2.93,2017,0.49,1.66,,,0.49,0.67,1.61,2.7,2.93,,
USGS,6481000,99133,265807,7,16,2017,2020,4,2018,2.89,2017,0.96,1.76,,,0.96,1.02,1.6,2.67,2.89,,
USGS,6481000,99133,265807,7,17,2017,2020,4,2018,3.1,2017,0.49,1.72,,,0.49,0.65,1.65,2.87,3.1,,
USGS,6481000,99133,265807,7,18,2017,2020,4,2018,3.07,2017,0.32,1.68,,,0.32,0.53,1.66,2.84,3.07,,
USGS,6481000,99133,265807,7,19,2017,2020,4,2018,2.94,2017,0.3,1.63,,,0.3,0.52,1.63,2.72,2.94,,
USGS,6481000,99133,265807,7,20,2017,2020,4,2018,2.79,2017,0.29,1.59,,,0.29,0.52,1.63,2.6,2.79,,
USGS,6481000,99133,265807,7,21,2017,2020,4,2018,2.36,2017,0.26,1.47,,,0.26,0.53,1.64,2.25,2.36,,
USGS,6481000,99133,265807,7,22,2017,2020,4,2018,1.93,2017,0.28,1.33,,,0.28,0.56,1.56,1.88,1.93,,
USGS,6481000,99133,265807,7,23,2017,2020,4,2020,1.72,2017,0.49,1.27,,,0.49,0.72,1.44,1.66,1.72,,
USGS,6481000,99133,265807,7,24,2017,2020,4,2020,1.68,2018,1.18,1.37,,,1.18,1.2,1.3,1.6,1.68,,
USGS,6481000,99133,265807,7,25,2017,2020,4,2020,1.52,2018,1.1,1.28,,,1.1,1.13,1.26,1.47,1.52,,
USGS,6481000,99133,265807,7,26,2017,2020,4,2020,1.43,2017,1.08,1.27,,,1.08,1.13,1.29,1.4,1.43,,
USGS,6481000,99133,265807,7,27,2017,2020,4,2018,1.59,2017,0.91,1.24,,,0.91,0.97,1.23,1.51,1.59,,
USGS,6481000,99133,265807,7,28,2017,2020,4,2018,1.87,2017,0.39,1.16,,,0.39,0.57,1.18,1.72,1.87,,
USGS,6481000,99133,265807,7,29,2017,2020,4,2018,2,2017,0.61,1.23,,,0.61,0.72,1.16,1.82,2,,
USGS,6481000,99133,265807,7,30,2017,2020,4,2018,2.05,2017,0.94,1.4,,,0.94,1,1.3,1.89,2.05,,
USGS,6481000,99133,265807,7,31,2017,2020,4,2018,2.08,2017,0.86,1.31,,,0.86,0.87,1.16,1.91,2.08,,
USGS,6481000,99133,265807,8,1,2017,2020,4,2018,2.05,2020,0.59,1.2,,,0.59,0.65,1.08,1.88,2.05,,
USGS,6481000,99133,265807,8,2,2017,2020,4,2018,1.96,2020,0.47,1.12,,,0.47,0.55,1.02,1.78,1.96,,
USGS,6481000,99133,265807,8,3,2017,2020,4,2018,1.84,2020,0.55,1.11,,,0.55,0.62,1.03,1.68,1.84,,
USGS,6481000,99133,265807,8,4,2017,2020,4,2018,1.76,2020,0.37,1.01,,,0.37,0.42,0.96,1.65,1.76,,
USGS,6481000,99133,265807,8,5,2017,2020,4,2018,1.64,2017,0.16,0.96,,,0.16,0.3,1.02,1.55,1.64,,
USGS,6481000,99133,265807,8,6,2017,2020,4,2018,1.66,2017,0.14,0.9,,,0.14,0.23,0.9,1.57,1.66,,
USGS,6481000,99133,265807,8,7,2017,2020,4,2018,1.69,2017,0.12,0.92,,,0.12,0.22,0.93,1.61,1.69,,
USGS,6481000,99133,265807,8,8,2017,2020,4,2018,1.7,2017,0.11,0.91,,,0.11,0.21,0.91,1.6,1.7,,
USGS,6481000,99133,265807,8,9,2017,2020,4,2018,1.66,2017,0.1,0.87,,,0.1,0.21,0.86,1.55,1.66,,
USGS,6481000,99133,265807,8,10,2017,2020,4,2018,1.68,2017,0.11,0.84,,,0.11,0.18,0.79,1.56,1.68,,
USGS,6481000,99133,265807,8,11,2017,2020,4,2018,1.5,2017,0.09,0.78,,,0.09,0.14,0.76,1.43,1.5,,
USGS,6481000,99133,265807,8,12,2017,2020,4,2019,1.26,2017,0.02,0.69,,,0.02,0.09,0.75,1.25,1.26,,
USGS,6481000,99133,265807,8,13,2017,2020,4,2019,1.22,2017,0.08,0.62,,,0.08,0.14,0.58,1.13,1.22,,
USGS,6481000,99133,265807,8,14,2017,2020,4,2019,1.26,2017,0.07,0.56,,,0.07,0.13,0.45,1.1,1.26,,
USGS,6481000,99133,265807,8,15,2017,2020,4,2019,1.36,2017,0.07,0.6,,,0.07,0.12,0.48,1.19,1.36,,
USGS,6481000,99133,265807,8,16,2017,2020,4,2019,1.34,2017,0.03,0.59,,,0.03,0.1,0.49,1.18,1.34,,
USGS,6481000,99133,265807,8,17,2017,2020,4,2019,1.27,2017,0.02,0.61,,,0.02,0.09,0.58,1.17,1.27,,
USGS,6481000,99133,265807,8,18,2017,2020,4,2019,1.2,2017,0.14,0.66,,,0.14,0.18,0.64,1.15,1.2,,
USGS,6481000,99133,265807,8,19,2017,2020,4,2019,1.27,2020,0.3,0.88,,,0.3,0.45,0.98,1.21,1.27,,
USGS,6481000,99133,265807,8,20,2017,2020,4,2018,1.43,2020,0.22,1.02,,,0.22,0.47,1.22,1.38,1.43,,
USGS,6481000,99133,265807,8,21,2017,2020,4,2018,1.5,2020,0.2,0.94,,,0.2,0.41,1.02,1.38,1.5,,
USGS,6481000,99133,265807,8,22,2017,2020,4,2018,1.52,2020,0.22,0.97,,,0.22,0.42,1.08,1.43,1.52,,
USGS,6481000,99133,265807,8,23,2017,2020,4,2017,1.33,2020,0.24,0.88,,,0.24,0.42,0.98,1.25,1.33,,
USGS,6481000,99133,265807,8,24,2017,2020,4,2017,1.33,2020,0.23,0.83,,,0.23,0.35,0.87,1.26,1.33,,
USGS,6481000,99133,265807,8,25,2017,2020,4,2017,1.31,2020,0.24,0.73,,,0.24,0.26,0.68,1.24,1.31,,
USGS,6481000,99133,265807,8,26,2017,2020,4,2017,1.32,2018,0,0.67,,,0,0.06,0.68,1.27,1.32,,
USGS,6481000,99133,265807,8,27,2017,2020,4,2019,1.51,2018,0.01,0.69,,,0.01,0.07,0.61,1.38,1.51,,
USGS,6481000,99133,265807,8,28,2017,2020,4,2019,1.55,2018,0.05,0.72,,,0.05,0.09,0.64,1.43,1.55,,
USGS,6481000,99133,265807,8,29,2017,2020,4,2019,1.56,2018,0.1,0.8,,,0.1,0.12,0.77,1.5,1.56,,
USGS,6481000,99133,265807,8,30,2017,2020,4,2019,1.54,2018,0.16,0.82,,,0.16,0.17,0.8,1.5,1.54,,
USGS,6481000,99133,265807,8,31,2017,2020,4,2017,1.4,2020,0.2,0.86,,,0.2,0.27,0.92,1.39,1.4,,
USGS,6481000,99133,265807,9,1,2017,2020,4,2019,1.71,2020,0.2,1.05,,,0.2,0.35,1.15,1.66,1.71,,
USGS,6481000,99133,265807,9,2,2017,2020,4,2019,2.13,2020,0.2,1.16,,,0.2,0.3,1.15,2.02,2.13,,
USGS,6481000,99133,265807,9,3,2017,2020,4,2017,1.85,2020,0.13,1,,,0.13,0.25,1,1.74,1.85,,
USGS,6481000,99133,265807,9,4,2017,2020,4,2017,1.92,2020,0.11,0.99,,,0.11,0.24,0.97,1.76,1.92,,
USGS,6481000,99133,265807,9,5,2017,2020,4,2017,1.87,2020,0.12,1.02,,,0.12,0.3,1.04,1.72,1.87,,
USGS,6481000,99133,265807,9,6,2017,2020,4,2017,1.74,2020,0.12,0.94,,,0.12,0.26,0.96,1.61,1.74,,
USGS,6481000,99133,265807,9,7,2017,2020,4,2017,1.52,2020,0.15,0.97,,,0.15,0.37,1.12,1.44,1.52,,
USGS,6481000,99133,265807,9,8,2017,2020,4,2018,1.3,2020,0.39,1.03,,,0.39,0.59,1.23,1.29,1.3,,
USGS,6481000,99133,265807,9,9,2017,2020,4,2019,1.25,2020,0.59,1.01,,,0.59,0.69,1.1,1.23,1.25,,
USGS,6481000,99133,265807,9,10,2017,2020,4,2019,1.41,2020,0.66,1.06,,,0.66,0.74,1.08,1.35,1.41,,
USGS,6481000,99133,265807,9,11,2017,2020,4,2019,1.58,2020,0.88,1.15,,,0.88,0.92,1.06,1.46,1.58,,
USGS,6481000,99133,265807,9,12,2017,2020,4,2019,1.49,2017,0.88,1.15,,,0.88,0.91,1.11,1.42,1.49,,
USGS,6481000,99133,265807,9,13,2017,2020,4,2020,1.51,2017,0.63,1.13,,,0.63,0.72,1.2,1.48,1.51,,
USGS,6481000,99133,265807,9,14,2017,2020,4,2020,1.74,2017,0.31,1.09,,,0.31,0.49,1.16,1.62,1.74,,
USGS,6481000,99133,265807,9,15,2017,2020,4,2020,1.83,2017,0.2,1.01,,,0.2,0.4,1.01,1.63,1.83,,
USGS,6481000,99133,265807,9,16,2017,2020,4,2020,1.92,2017,0.19,0.98,,,0.19,0.35,0.92,1.69,1.92,,
USGS,6481000,99133,265807,9,17,2017,2020,4,2020,1.85,2017,0.18,0.93,,,0.18,0.28,0.84,1.66,1.85,,
USGS,6481000,99133,265807,9,18,2017,2020,4,2020,1.58,2017,0.21,0.83,,,0.21,0.27,0.77,1.46,1.58,,
USGS,6481000,99133,265807,9,19,2017,2020,3,2020,1.27,2017,0.36,0.88,,,,0.36,1,1.27,,,
USGS,6481000,99133,265807,9,20,2017,2020,3,2020,1.03,2017,0.52,0.85,,,,0.52,1,1.03,,,
USGS,6481000,99133,265807,9,21,2017,2020,4,2018,1.88,2017,0.6,1.11,,,0.6,0.67,0.99,1.68,1.88,,
USGS,6481000,99133,265807,9,22,2017,2020,3,2019,1.14,2017,0.71,0.88,,,,0.71,0.78,1.14,,,
USGS,6481000,99133,265807,9,23,2017,2020,3,2019,1.28,2020,0.43,0.84,,,,0.43,0.8,1.28,,,
USGS,6481000,99133,265807,9,24,2017,2020,3,2019,1.31,2020,0.27,0.88,,,,0.27,1.07,1.31,,,
USGS,6481000,99133,265807,9,25,2017,2020,3,2017,1.38,2020,0.33,1.01,,,,0.33,1.33,1.38,,,
USGS,6481000,99133,265807,9,26,2017,2020,3,2017,1.43,2020,0.54,1.12,,,,0.54,1.38,1.43,,,
USGS,6481000,99133,265807,9,27,2017,2020,3,2019,1.49,2020,0.73,1.18,,,,0.73,1.33,1.49,,,
USGS,6481000,99133,265807,9,28,2017,2020,3,2019,1.63,2020,0.85,1.28,,,,0.85,1.35,1.63,,,
USGS,6481000,99133,265807,9,29,2017,2020,3,2019,1.71,2020,0.81,1.36,,,,0.81,1.55,1.71,,,
USGS,6481000,99133,265807,9,30,2017,2020,3,2019,1.81,2020,0.92,1.46,,,,0.92,1.66,1.81,,,
USGS,6481000,99133,265807,10,1,2018,2021,3,2018,2.13,2021,0.87,1.63,,,,0.87,1.88,2.13,,,
USGS,6481000,99133,265807,10,2,2018,2021,3,2018,2.1,2021,0.55,1.52,,,,0.55,1.9,2.1,,,
USGS,6481000,99133,265807,10,3,2018,2021,3,2018,2.02,2021,0.58,1.54,,,,0.58,2.02,2.02,,,
USGS,6481000,99133,265807,10,4,2018,2021,3,2018,2.24,2021,0.73,1.71,,,,0.73,2.15,2.24,,,
USGS,6481000,99133,265807,10,5,2018,2021,3,2020,2.3,2021,0.73,1.63,,,,0.73,1.85,2.3,,,
USGS,6481000,99133,265807,10,6,2018,2021,3,2020,2.46,2021,0.87,1.72,,,,0.87,1.82,2.46,,,
USGS,6481000,99133,265807,10,7,2018,2021,3,2020,2.5,2021,0.97,1.74,,,,0.97,1.74,2.5,,,
USGS,6481000,99133,265807,10,8,2018,2021,3,2020,2.53,2021,0.92,1.73,,,,0.92,1.73,2.53,,,
USGS,6481000,99133,265807,10,9,2018,2021,3,2020,2.52,2021,0.9,1.76,,,,0.9,1.86,2.52,,,
USGS,6481000,99133,265807,10,10,2018,2021,3,2020,2.43,2021,0.55,1.63,,,,0.55,1.92,2.43,,,
USGS,6481000,99133,265807,10,11,2018,2021,3,2020,2.4,2021,0.2,1.54,,,,0.2,2.02,2.4,,,
USGS,6481000,99133,265807,10,12,2018,2021,3,2020,2.4,2021,0.2,1.59,,,,0.2,2.16,2.4,,,
USGS,6481000,99133,265807,10,13,2018,2021,3,2020,2.43,2021,0.2,1.66,,,,0.2,2.35,2.43,,,
USGS,6481000,99133,265807,10,14,2018,2021,3,2020,2.57,2021,0.2,1.77,,,,0.2,2.55,2.57,,,
USGS,6481000,99133,265807,10,15,2018,2021,3,2018,2.8,2021,0.17,1.89,,,,0.17,2.69,2.8,,,
USGS,6481000,99133,265807,10,16,2018,2021,3,2018,2.93,2021,0.14,1.93,,,,0.14,2.71,2.93,,,
USGS,6481000,99133,265807,10,17,2018,2021,3,2018,2.99,2021,0.14,1.97,,,,0.14,2.77,2.99,,,
USGS,6481000,99133,265807,10,18,2018,2021,3,2018,3,2021,0.1,1.97,,,,0.1,2.8,3,,,
USGS,6481000,99133,265807,10,19,2018,2021,3,2018,3.11,2021,0.1,2,,,,0.1,2.8,3.11,,,
USGS,6481000,99133,265807,10,20,2018,2021,3,2018,3.04,2021,0.17,1.99,,,,0.17,2.77,3.04,,,
USGS,6481000,99133,265807,10,21,2018,2020,2,2018,2.91,2020,2.68,2.79,,,,,2.79,,,,
USGS,6481000,99133,265807,10,22,2018,2020,2,2018,2.77,2020,2.64,2.71,,,,,2.71,,,,
USGS,6481000,99133,265807,10,23,2018,2020,2,2020,2.73,2018,2.7,2.71,,,,,2.71,,,,
USGS,6481000,99133,265807,10,24,2018,2020,2,2018,2.8,2018,2.8,2.8,,,,,2.8,,,,
USGS,6481000,99133,265807,10,25,2018,2020,2,2020,2.87,2018,2.83,2.85,,,,,2.85,,,,
USGS,6481000,99133,265807,10,26,2018,2020,2,2020,2.94,2018,2.91,2.92,,,,,2.92,,,,
USGS,6481000,99133,265807,10,27,2018,2020,2,2018,2.96,2020,2.88,2.92,,,,,2.92,,,,
USGS,6481000,99133,265807,10,28,2018,2020,2,2018,3.09,2020,2.8,2.94,,,,,2.94,,,,
USGS,6481000,99133,265807,10,29,2018,2020,2,2018,3.25,2020,2.8,3.02,,,,,3.02,,,,
USGS,6481000,99133,265807,10,30,2018,2020,2,2018,3.38,2020,2.8,3.09,,,,,3.09,,,,
USGS,6481000,99133,265807,10,31,2018,2020,2,2018,3.4,2020,2.81,3.1,,,,,3.1,,,,
USGS,6481000,99133,265807,11,1,2018,2020,2,2018,3.57,2020,2.87,3.22,,,,,3.22,,,,
USGS,6481000,99133,265807,11,2,2018,2020,2,2018,3.68,2020,2.9,3.29,,,,,3.29,,,,
USGS,6481000,99133,265807,11,3,2018,2018,1,2018,3.7,2018,3.7,3.7,,,,,3.7,,,,
