SiteNum,location,sdgs_well,sample_number,management_unit,aquifer,casing_stickup,well_depth_number,Well_Depth_Grnd,water_depth,Water_Depth_Grnd,collection_date,SampleYear,no3_no2,No2_No3_N_Num,calcium,CalciumNum,psodium,PsodiumNum,magnesium,MagnesiumNum,sar,SarNum,sodium,SodiumNum,sulfate,SulfateNum,cations,CationsNum,anions,AnionsNum,chloride,ChlorideNum,iron,IronNum,lithium,LithiumNum,manganese,ManganeseNUm,tds,Tds_Num,acidity,AcidityNum,total_conductivity,Total_conductivityNum,silver,SilverNum,arsenic,ArsenicNum,boron,BoronNum,cadmium,CadmiumNum,chromium,ChromiumNum,nickel,NickelNum,mercury,MercuryNum,adjusted_sar,Adjusted_sarNum,potassium,PotassiumNum,rsc,Rsc_Num,alkalinity_methyl_orange,Alkalinity_methyl_orangeNum,alkalinity_phenolphthalein,Alkalinity_phenolphthaleinNum,fluoride,FluorideNum,barium,BariumNum,copper,CopperNum,zinc,ZincNum,lead,LeadNum,selenium,SeleniumNum,lab_alkalinity_total,Lab_alkalinity_totalNum,ammonia,AmmoniaNum,dissolved_oxygen,Dissolved_oxygenNum,total_phosphorous,Total_phosphorousNum,no3_n,n03_n_Num,no2_n,No2_N_Num,analyst,beryllium,BerylliiumNum,cyanide,cyanideNum,thallium,ThalliumNum,turbidity,TurbidityNum,notes_inorganic,notes_cyanide,notes_trace_metals,antimony,AntimonyNum,carbonate,CarbonateNum,bicarbonate,BicarbonateNum,hco3,Hco3_Num,co3,Co3_Num,hardness,HardnessNum
22,105N49W10DAAA 1,R20-94-04,SWM-98-120,MOODY,BIG SIOUX,2.53,24.6,22.07,10,7.47,7/14/1998 0:00,1998,0.6,0.6,131,131,,0,49.1,49.1,,0,14.0,14,198,198,,0,,0,21,21,<0.06,0,,0,0.08,0.08,750,750,7.29,7.29,1000,1000,,0,,0,,0,,0,,0,,0,,0,,0,3.6,3.6,,0,,0,0,0,0.24,0.24,,0,,0,,0,,0,,0,328,328,<0.02,0,,0,,0,,0,,0,,,0,,0,,0,,0,TOTAL DISSOLVED SOLIDS PAST EPA HOLDING TIME.,,,,0,0,0,400,400,,0,,0,529,529
22,105N49W10DAAA 2,R20-94-05,SWM-98-121,MOODY,BIG SIOUX,2.13,17.9,15.77,9.35,7.22,7/14/1998 0:00,1998,4.5,4.5,116,116,,0,45.3,45.3,,0,12.7,12.7,165,165,,0,,0,21,21,<0.06,0,,0,<0.02,0,696,696,7.36,7.36,938,938,,0,,0,,0,,0,,0,,0,,0,,0,3.2,3.2,,0,,0,0,0,0.29,0.29,,0,,0,,0,,0,,0,315,315,<0.02,0,,0,,0,,0,,0,,,0,,0,,0,,0,TOTAL DISSOLVED SOLIDS PAST EPA HOLDING TIME.,,,,0,0,0,384,384,,0,,0,476,476
22,105N49W10DAAA 1,R20-94-04,SWM-2000-133,MOODY,BIG SIOUX,2.53,24.6,22.07,10.37,7.84,7/10/2000 0:00,2000,0.4,0.4,126,126,,0,44.6,44.6,,0,14.0,14,194,194,,0,,0,21.0,21,<0.02,0,,0,0.08,0.08,666,666,7.32,7.32,944,944,,0,,0,,0,,0,,0,,0,,0,,0,2.9,2.9,,0,,0,0,0,0.22,0.22,,0,,0,,0,,0,,0,304,304,<0.02,0,,0,,0,,0,,0,,,0,,0,,0,,0,Tests for ammonia and sulfate were performed after EPA holding time had been exceeded.,,,,0,0,0,371,371,,0,,0,498,498
22,105N49W10DAAA 2,R20-94-05,SWM-2000-134,MOODY,BIG SIOUX,2.13,17.9,15.77,9.7,7.57,7/10/2000 0:00,2000,2.1,2.1,120,120,,0,42.8,42.8,,0,12.5,12.5,171,171,,0,,0,20.0,20,<0.02,0,,0,<0.02,0,622,622,7.50,7.5,934,934,,0,,0,,0,,0,,0,,0,,0,,0,2.6,2.6,,0,,0,0,0,0.26,0.26,,0,,0,,0,,0,,0,305,305,<0.02,0,,0,,0,,0,,0,,,0,,0,,0,,0,Tests for ammonia and sulfate were performed after EPA holding time had been exceeded.,,,,0,0,0,372,372,,0,,0,476,476
22,105N49W10DAAA 1,R20-94-04,SWM-2002-110,MOODY,BIG SIOUX,2.53,24.6,22.07,10.8,8.27,7/10/2002 0:00,2002,0.5,0.5,144,144,,0,50.5,50.5,,0,15.1,15.1,279,279,,0,,0,21,21,<0.03,0,,0,0.08,0.08,758,758,,0,1070,1070,,0,,0,,0,,0,,0,,0,,0,,0,3.4,3.4,,0,287,287,0,0,0.20,0.2,,0,,0,,0,,0,,0,,0,<0.02,0,,0,,0,,0,,0,,,0,,0,,0,,0,,,,,0,0,0,350,350,,0,,0,,0
22,105N49W10DAAA 2,R20-94-05,SWM-2002-111,MOODY,BIG SIOUX,2.13,17.9,15.77,10.14,8.01,7/10/2002 0:00,2002,5.7,5.7,129,129,,0,44.6,44.6,,0,13.3,13.3,203,203,,0,,0,21,21,<0.03,0,,0,<0.02,0,663,663,,0,980,980,,0,,0,,0,,0,,0,,0,,0,,0,2.8,2.8,,0,274,274,0,0,0.24,0.24,,0,,0,,0,,0,,0,,0,<0.02,0,,0,,0,,0,,0,,,0,,0,,0,,0,,,,,0,0,0,334,334,,0,,0,,0
22,105N49W10DAAA 1,R20-94-04,SWM-2001-122,MOODY,BIG SIOUX,2.53,24.6,22.07,9.82,7.29,7/9/2001 0:00,2001,0.4,0.4,138,138,,0,49.8,49.8,,0,14.2,14.2,273,273,,0,,0,22.0,22,<0.03,0,,0,0.07,0.07,783,783,7.19,7.19,1110,1110,,0,,0,,0,,0,,0,,0,,0,,0,3.6,3.6,,0,,0,0,0,0.20,0.2,,0,,0,,0,,0,,0,286,286,<0.02,0,,0,,0,,0,,0,,,0,,0,,0,,0,,,,,0,0,0,349,349,,0,,0,550,550
22,105N49W10DAAA 2,R20-94-05,SWM-2001-123,MOODY,BIG SIOUX,2.13,17.9,15.77,9.2,7.07,7/9/2001 0:00,2001,2.4,2.4,124,124,,0,45.3,45.3,,0,12.9,12.9,222,222,,0,,0,21.0,21,<0.03,0,,0,0.02,0.02,687,687,7.24,7.24,1010,1010,,0,,0,,0,,0,,0,,0,,0,,0,3.2,3.2,,0,,0,0,0,0.23,0.23,,0,,0,,0,,0,,0,291,291,<0.02,0,,0,,0,,0,,0,,,0,,0,,0,,0,,,,,0,0,0,355,355,,0,,0,496,496
22,105N49W10DAAA 2,R20-94-05,SWM-2003-097,MOODY,BIG SIOUX,2.13,17.9,15.77,10.27,8.14,6/17/2003 0:00,2003,4.6,4.6,132,132,,0,45.8,45.8,,0,12.5,12.5,210,210,,0,,0,21,21,<0.03,0,,0,<0.02,0,666,666,,0,938,938,,0,,0,,0,,0,,0,,0,,0,,0,2.7,2.7,,0,276,276,0,0,0.25,0.25,,0,,0,,0,,0,,0,,0,<0.02,0,,0,,0,,0,,0,,,0,,0,,0,,0,,,,,0,0,0,337,337,,0,,0,,0
22,105N49W10DAAA 1,R20-94-04,SWM-2003-098,MOODY,BIG SIOUX,2.53,24.6,22.07,10.93,8.4,6/17/2003 0:00,2003,0.3,0.3,140,140,,0,47.2,47.2,,0,14.4,14.4,276,276,,0,,0,21,21,0.04,0.04,,0,0.10,0.1,726,726,,0,1010,1010,,0,,0,,0,,0,,0,,0,,0,,0,3.1,3.1,,0,284,284,0,0,0.23,0.23,,0,,0,,0,,0,,0,,0,<0.02,0,,0,,0,,0,,0,,,0,,0,,0,,0,,,,,0,0,0,346,346,,0,,0,,0
22,105N49W10DAAA 2,R20-94-05,SWM-2004-129,MOODY,BIG SIOUX,2.13,17.9,15.77,8.94,6.81,7/13/2004 0:00,2004,2.5,2.5,126,126,,0,43.9,43.9,,0,14.9,14.9,201,201,,0,,0,19,19,<0.03,0,,0,<0.02,0,650,650,,0,926,926,,0,<1.0,0,,0,<0.2,0,15.5,15.5,2.4,2.4,<0.1,0,,0,3.1,3.1,,0,282,282,0,0,0.25,0.25,77.0,77,<0.2,0,,0,<0.1,0,1.9,1.9,,0,<0.02,0,,0,0.026,0.026,,0,,0,,<0.4,0,<0.010,0,<0.1,0,,0,,,,<0.4,0,0,0,344,344,,0,,0,,0
22,105N49W10DAAA 1,R20-94-04,SWM-2004-130,MOODY,BIG SIOUX,2.53,24.6,22.07,9.53,7,7/13/2004 0:00,2004,0.6,0.6,137,137,,0,47.2,47.2,,0,15.4,15.4,254,254,,0,,0,22,22,0.03,0.03,,0,0.08,0.08,727,727,,0,992,992,,0,<1.0,0,,0,<0.2,0,15.8,15.8,3.7,3.7,<0.1,0,,0,3.4,3.4,,0,283,283,0,0,0.21,0.21,32.4,32.4,<0.2,0,,0,<0.1,0,1.7,1.7,,0,<0.02,0,,0,0.031,0.031,,0,,0,,<0.4,0,<0.010,0,<0.1,0,,0,,,,<0.4,0,0,0,345,345,,0,,0,,0
22,105N49W10DAAA 2,R20-94-05,SWM-2005-127,MOODY,BIG SIOUX,2.13,17.9,15.77,9.6,7.47,7/12/2005 0:00,2005,5.5,5.5,118,118,,0,41.9,41.9,,0,13.3,13.3,195,195,,0,,0,23,23,0.08,0.08,,0,<0.02,0,626,626,,0,964,964,,0,,0,,0,,0,,0,,0,,0,,0,2.9,2.9,,0,271,271,0,0,0.28,0.28,,0,,0,,0,,0,,0,,0,<0.02,0,,0,0.028,0.028,,0,,0,,,0,,0,,0,,0,,,,,0,0,0,331,331,,0,,0,,0
22,105N49W10DAAA 1,R20-94-04,SWM-2005-128,MOODY,BIG SIOUX,2.53,24.6,22.07,10.27,7.74,7/12/2005 0:00,2005,1.4,1.4,129,129,,0,45.2,45.2,,0,14.6,14.6,253,253,,0,,0,23,23,0.05,0.05,,0,0.14,0.14,682,682,,0,972,972,,0,,0,,0,,0,,0,,0,,0,,0,3.4,3.4,,0,276,276,0,0,0.24,0.24,,0,,0,,0,,0,,0,,0,<0.02,0,,0,0.028,0.028,,0,,0,,,0,,0,,0,,0,,,,,0,0,0,337,337,,0,,0,,0
22,105N49W10DAAA 2,R20-94-05,SWM-2006-125,MOODY,BIG SIOUX,2.13,17.9,15.77,9.55,7.42,7/11/2006 0:00,2006,5.7,5.7,105,105,,0,35.9,35.9,,0,12.2,12.2,135,135,,0,,0,16,16,<0.03,0,,0,<0.02,0,538,538,,0,813,813,,0,,0,,0,,0,,0,,0,,0,,0,2.6,2.6,,0,259,259,0,0,0.26,0.26,,0,,0,,0,,0,,0,,0,<0.02,0,,0,0.023,0.023,,0,,0,,,0,,0,,0,,0,,,,,0,0,0,316,316,,0,,0,,0
22,105N49W10DAAA 1,R20-94-04,SWM-2006-126,MOODY,BIG SIOUX,2.53,24.6,22.07,10.21,7.68,7/11/2006 0:00,2006,0.8,0.8,122,122,,0,41.4,41.4,,0,15.1,15.1,198,198,,0,,0,19,19,0.03,0.03,,0,0.07,0.07,634,634,,0,913,913,,0,,0,,0,,0,,0,,0,,0,,0,3.1,3.1,,0,273,273,0,0,0.22,0.22,,0,,0,,0,,0,,0,,0,<0.02,0,,0,0.026,0.026,,0,,0,,,0,,0,,0,,0,,,,,0,0,0,333,333,,0,,0,,0
22,105N49W10DAAA 2,R20-94-05,SWM-2007-127,MOODY,BIG SIOUX,2.13,17.9,15.77,9.47,7.34,7/10/2007 0:00,2007,2.7,2.7,114,114,,0,37.1,37.1,,0,13.0,13,116,116,,0,,0,13,13,<0.03,0,,0,<0.02,0,536,536,,0,807,807,,0,,0,,0,,0,,0,,0,,0,,0,2.9,2.9,,0,317,317,0,0,0.31,0.31,,0,,0,,0,,0,,0,,0,<0.02,0,,0,0.027,0.027,,0,,0,,,0,,0,,0,,0,,,,,0,0,0,387,387,,0,,0,,0
22,105N49W10DAAA 1,R20-94-04,SWM-2007-128,MOODY,BIG SIOUX,2.53,24.6,22.07,10.1,7.57,7/10/2007 0:00,2007,0.4,0.4,122,122,,0,39.0,39,,0,16.0,16,153,153,,0,,0,12,12,<0.03,0,,0,0.06,0.06,591,591,,0,867,867,,0,,0,,0,,0,,0,,0,,0,,0,3.4,3.4,,0,328,328,0,0,0.26,0.26,,0,,0,,0,,0,,0,,0,<0.02,0,,0,0.029,0.029,,0,,0,,,0,,0,,0,,0,,,,,0,0,0,400,400,,0,,0,,0
22,105N49W10DAAA 2,R20-94-05,SWM-2009-137,MOODY,BIG SIOUX,2.13,17.9,15.77,9.36,7.23,7/7/2009 0:00,2009,1.2,1.2,132,132,,0,48.5,48.5,,0,12.9,12.9,229,229,,0,,0,17,17,<0.03,0,,0,<0.02,0,707,707,,0,999,999,,0,,0,,0,,0,,0,,0,,0,,0,2.8,2.8,,0,315,315,0,0,0.29,0.29,,0,,0,,0,,0,,0,,0,<0.05,0,,0,0.023,0.023,,0,,0,,,0,,0,,0,,0,,,,,0,0,0,384,384,,0,,0,,0
22,105N49W10DAAA 1,R20-94-04,SWM-2009-138,MOODY,BIG SIOUX,2.53,24.6,22.07,10.02,7.49,7/7/2009 0:00,2009,<0.2,0,140,140,,0,49.6,49.6,,0,16.1,16.1,275,275,,0,,0,17,17,<0.03,0,,0,0.06,0.06,745,745,,0,1040,1040,,0,,0,,0,,0,,0,,0,,0,,0,3.4,3.4,,0,305,305,0,0,0.24,0.24,,0,,0,,0,,0,,0,,0,<0.05,0,,0,0.026,0.026,,0,,0,,,0,,0,,0,,0,,,,,0,0,0,372,372,,0,,0,,0
22,105N49W10DAAA 2,R20-94-05,SWM-2010-135,MOODY,BIG SIOUX,2.13,17.9,15.77,8.37,6.24,6/29/2010 0:00,2010,1.8,1.8,124,124,,0,44.8,44.8,,0,13.1,13.1,211,211,,0,,0,14,14,<0.03,0,,0,0.03,0.03,644,644,,0,938,938,,0,<1,0,,0,<0.2,0,4.7,4.7,4.2,4.2,<0.1,0,,0,3.1,3.1,,0,279,279,0,0,0.29,0.29,79.9,79.9,<0.02,0,,0,<0.1,0,<0.5,0,,0,<0.05,0,,0,0.01,0.01,,0,,0,,<0.2,0,<0.010,0,<0.1,0,,0,,,,<0.2,0,0,0,340,340,,0,,0,,0
22,105N49W10DAAA 1,R20-94-04,SWM-2010-136,MOODY,BIG SIOUX,2.53,24.6,22.07,8.9,6.37,6/29/2010 0:00,2010,0.5,0.5,145,145,,0,52.2,52.2,,0,18.1,18.1,284,284,,0,,0,19,19,<0.03,0,,0,0.12,0.12,757,757,,0,1080,1080,,0,<1,0,,0,<0.2,0,2.9,2.9,5.8,5.8,<0.1,0,,0,3.4,3.4,,0,296,296,0,0,0.26,0.26,27.8,27.8,<0.02,0,,0,<0.1,0,<0.5,0,,0,<0.05,0,,0,0.015,0.015,,0,,0,,<0.2,0,<0.010,0,<0.1,0,,0,,,,<0.2,0,0,0,361,361,,0,,0,,0
22,105N49W10DAAA 2,R20-94-05,SWM-2011-037,MOODY,BIG SIOUX,2.13,17.9,15.77,7.96,5.83,7/12/2011 0:00,2011,5.6,5.6,108,108,,0,35,35,,0,13.9,13.9,107,107,,0,,0,13,13,<0.03,0,,0,<0.02,0,535,535,,0,845,845,,0,,0,,0,,0,,0,,0,,0,,0,3.1,3.1,,0,318,318,0,0,0.23,0.23,,0,,0,,0,,0,,0,,0,<0.05,0,,0,0.026,0.026,,0,,0,,,0,,0,,0,,0,,,,,0,0,0,388,388,,0,,0,,0
22,105N49W10DAAA 1,R20-94-04,SWM-2011-038,MOODY,BIG SIOUX,2.53,24.6,22.07,8.49,5.96,7/12/2011 0:00,2011,0.4,0.4,139,139,,0,50.6,50.6,,0,19.9,19.9,181,181,,0,,0,18,18,<0.03,0,,0,0.08,0.08,669,669,,0,1030,1030,,0,,0,,0,,0,,0,,0,,0,,0,3.4,3.4,,0,380,380,0,0,0.23,0.23,,0,,0,,0,,0,,0,,0,<0.05,0,,0,0.026,0.026,,0,,0,,,0,,0,,0,,0,,,,,0,0,0,464,464,,0,,0,,0
22,105N49W10DAAA 2,R20-94-05,SWM-2013-039,MOODY,BIG SIOUX,2.13,17.9,15.77,9.58,7.45,7/16/2013 0:00,2013,3.2,3.2,156,156,,0,59.7,59.7,,0,14.3,14.3,289,289,,0,,0,18,18,<0.03,0,,0,0.02,0.02,804,804,7.37,7.37,1090,1090,,0,,0,,0,,0,,0,,0,,0,,0,3.1,3.1,,0,,0,0,0,0.27,0.27,,0,,0,,0,,0,,0,327,327,<0.05,0,,0,0.027,0.027,,0,,0,,,0,,0,,0,,0,,,,,0,0,0,399,399,,0,,0,635,635
22,105N49W10DAAA 1,R20-94-04,SWM-2013-040,MOODY,BIG SIOUX,2.53,24.6,22.07,10.25,7.72,7/16/2013 0:00,2013,0.4,0.4,175,175,,0,66.0,66,,0,19.2,19.2,348,348,,0,,0,16,16,<0.03,0,,0,0.10,0.1,898,898,7.25,7.25,1220,1220,,0,,0,,0,,0,,0,,0,,0,,0,3.9,3.9,,0,,0,0,0,0.23,0.23,,0,,0,,0,,0,,0,346,346,<0.05,0,,0,0.029,0.029,,0,,0,,,0,,0,,0,,0,,,,,0,0,0,422,422,,0,,0,709,709
22,105N49W10DAAA 2,R20-94-05,SWM-2015-036,MOODY,BIG SIOUX,2.13,17.9,15.77,8.96,6.83,7/14/2015 0:00,2015,4.4,4.4,140,140,,0,51.6,51.6,,0,17.9,17.9,270,270,,0,,0,15,15,<0.03,0,,0,0.10,0.1,749,749,7.38,7.38,1040,1040,,0,,0,,0,,0,,0,,0,,0,,0,3.1,3.1,,0,,0,0,0,0.27,0.27,,0,,0,,0,,0,,0,280,280,<0.05,0,,0,0.021,0.021,,0,,0,,,0,,0,,0,,0,,,,,0,0,0,342,342,,0,,0,562,562
22,105N49W10DAAA 1,R20-94-04,SWM-2015-037,MOODY,BIG SIOUX,2.53,24.6,22.07,9.62,7.09,7/14/2015 0:00,2015,<0.2,0,167,167,,0,61.7,61.7,,0,23.5,23.5,366,366,,0,,0,17,17,<0.03,0,,0,0.15,0.15,878,878,7.28,7.28,1180,1180,,0,,0,,0,,0,,0,,0,,0,,0,4.0,4,,0,,0,0,0,0.22,0.22,,0,,0,,0,,0,,0,303,303,<0.05,0,,0,0.026,0.026,,0,,0,,,0,,0,,0,,0,,,,,0,0,0,370,370,,0,,0,671,671
22,105N49W10DAAA 2,R20-94-05,SWM-2017-040,MOODY,BIG SIOUX,2.13,17.9,15.77,9.83,7.7,7/11/2017 0:00,2017,7.9,7.9,145,145,,0,52.8,52.8,,0,24.8,24.8,267,267,,0,,0,18,18,<0.05,0,,0,<0.05,0,740,740,7.40,7.4,1000,1000,,0,,0,,0,,0,,0,,0,,0,,0,3.5,3.5,,0,,0,0,0,0.28,0.28,,0,,0,,0,,0,,0,253,253,<0.05,0,,0,0.023,0.023,,0,,0,,,0,,0,,0,,0,,,,,0,0,0,309,309,,0,,0,579,579
22,105N49W10DAAA 1,R20-94-04,SWM-2017-041,MOODY,BIG SIOUX,2.53,24.6,22.07,10.5,7.97,7/11/2017 0:00,2017,0.7,0.7,152,152,,0,56.8,56.8,,0,30.7,30.7,362,362,,0,,0,15,15,<0.05,0,,0,0.13,0.13,855,855,7.26,7.26,1130,1130,,0,,0,,0,,0,,0,,0,,0,,0,4.5,4.5,,0,,0,0,0,0.24,0.24,,0,,0,,0,,0,,0,279,279,<0.05,0,,0,0.067,0.067,,0,,0,,,0,,0,,0,,0,,,,,0,0,0,340,340,,0,,0,613,613
22,105N49W10DAAA 2,R20-94-05,SWM-2019-054,MOODY,BIG SIOUX,2.13,17.9,15.77,8.21,6.08,7/15/2019 0:00,2019,4.3,4.3,105,105,,0,30.3,30.3,,0,17.7,17.7,100,100,,0,,0,11.5,11.5,<0.05,0,,0,<0.05,0,471,471,7.49,7.49,738,738,,0,,0,,0,,0,,0,,0,,0,,0,2.7,2.7,,0,,0,0,0,<0.30,0,,0,,0,,0,,0,,0,277,277,<0.05,0,,0,0.021,0.021,,0,,0,,,0,,0,,0,,0,,,,,0,0,0,338,338,,0,,0,387,387
22,105N49W10DAAA 1,R20-94-04,SWM-2019-055,MOODY,BIG SIOUX,2.53,24.6,22.07,8.77,6.24,7/15/2019 0:00,2019,0.4,0.4,123,123,,0,37.3,37.3,,0,24.7,24.7,203,203,,0,,0,12.8,12.8,1.38,1.38,,0,0.15,0.15,611,611,7.42,7.42,916,916,,0,,0,,0,,0,,0,,0,,0,,0,3.4,3.4,,0,,0,0,0,<0.30,0,,0,,0,,0,,0,,0,298,298,<0.05,0,,0,0.024,0.024,,0,,0,,,0,,0,,0,,0,,,,,0,0,0,364,364,,0,,0,461,461
22,105N49W10DAAA 1,R20-94-04,SWM-94-039,MOODY,BIG SIOUX,2.53,24.6,22.07,10.04,7.51,6/28/1994 0:00,1994,1.11,1.11,120,120,,0,42,42,,0,13,13,205,205,,0,,0,20.2,20.2,0.05,0.05,,0,0.08,0.08,634,634,7.55,7.55,920,920,,0,,0,,0,,0,,0,,0,,0,,0,3.0,3,,0,,0,0,0,0.23,0.23,,0,,0,,0,,0,,0,252,252,<0.05,0,,0,,0,,0,,0,DAH MCC AFE,,0,,0,,0,,0,,,,,0,,0,307,307,,0,,0,470,470
22,105N49W10DAAA 2,R20-94-05,SWM-94-040,MOODY,BIG SIOUX,2.13,17.9,15.77,9.4,7.27,6/28/1994 0:00,1994,4.06,4.06,120,120,,0,42,42,,0,12,12,195,195,,0,,0,19.8,19.8,<0.05,0,,0,<0.05,0,630,630,7.46,7.46,920,920,,0,,0,,0,,0,,0,,0,,0,,0,2.9,2.9,,0,,0,0,0,0.26,0.26,,0,,0,,0,,0,,0,242,242,<0.05,0,,0,,0,,0,,0,DAH MCC AFE,,0,,0,,0,,0,,,,,0,,0,295,295,,0,,0,470,470
22,105N49W10DAAA 1,R20-94-04,SWM-94-083,MOODY,BIG SIOUX,2.53,24.6,22.07,10.76,8.23,8/4/1994 0:00,1994,0.96,0.96,107,107,,0,40,40,,0,13,13,188,188,,0,,0,19.3,19.3,<0.05,0,,0,0.08,0.08,610,610,7.46,7.46,855,855,,0,< 10.0,0,,0,< 1.0,0,< 10.0,0,< 50.0,0,< 0.2,0,,0,2.9,2.9,,0,,0,0,0,0.26,0.26,< 50.0,0,< 10.0,0,,0,< 10.0,0,< 10.0,0,256,256,<0.05,0,,0,,0,,0,,0,DAH MCC AFE,< 2.0,0,< 0.01,0,< 1.0,0,,0,,,,< 5.0,0,,0,312,312,,0,,0,430,430
22,105N49W10DAAA 2,R20-94-05,SWM-94-084,MOODY,BIG SIOUX,2.13,17.9,15.77,10.07,7.94,8/4/1994 0:00,1994,4.68,4.68,107,107,,0,40,40,,0,13,13,170,170,,0,,0,17.8,17.8,<0.05,0,,0,<0.05,0,598,598,7.59,7.59,851,851,,0,< 10.0,0,,0,< 1.0,0,< 10.0,0,< 50.0,0,< 0.2,0,,0,2.8,2.8,,0,,0,0,0,0.32,0.32,60.0,60,< 10.0,0,,0,< 10.0,0,< 10.0,0,246,246,<0.05,0,,0,,0,,0,,0,DAH MCC AFE,< 2.0,0,< 0.01,0,< 1.0,0,,0,,,,< 5.0,0,,0,300,300,,0,,0,430,430
22,105N49W10DAAA 1,R20-94-04,SWM-94-142,MOODY,BIG SIOUX,2.53,24.6,22.07,11.11,8.58,9/28/1994 0:00,1994,0.87,0.87,110,110,,0,40,40,,0,14,14,172,172,,0,,0,18.2,18.2,<0.05,0,,0,0.08,0.08,596,596,7.36,7.36,828,828,,0,,0,,0,,0,,0,,0,,0,,0,3.0,3,,0,,0,0,0,0.25,0.25,,0,,0,,0,,0,,0,258,258,<0.05,0,,0,,0,,0,,0,DAH MCC,,0,,0,,0,,0,,,,,0,,0,315,315,,0,,0,440,440
22,105N49W10DAAA 2,R20-94-05,SWM-94-143,MOODY,BIG SIOUX,2.13,17.9,15.77,10.42,8.29,9/28/1994 0:00,1994,3.72,3.72,105,105,,0,39,39,,0,13,13,163,163,,0,,0,16.6,16.6,<0.05,0,,0,<0.05,0,578,578,7.44,7.44,787,787,,0,,0,,0,,0,,0,,0,,0,,0,2.9,2.9,,0,,0,0,0,0.29,0.29,,0,,0,,0,,0,,0,241,241,<0.05,0,,0,,0,,0,,0,DAH MCC,,0,,0,,0,,0,,,,,0,,0,294,294,,0,,0,420,420
22,105N49W10DAAA 1,R20-94-04,SWM-94-171,MOODY,BIG SIOUX,2.53,24.6,22.07,11.16,8.63,12/12/1994 0:00,1994,0.17,0.17,122,122,,0,43,43,,0,14,14,185,185,,0,,0,21.1,21.1,<0.05,0,,0,0.08,0.08,629,629,7.22,7.22,900,900,,0,,0,,0,,0,,0,,0,,0,,0,3.2,3.2,,0,,0,0,0,0.25,0.25,,0,,0,,0,,0,,0,277,277,<0.05,0,,0,,0,,0,,0,DAH MCC,,0,,0,,0,,0,,,,,0,,0,338,338,,0,,0,480,480
22,105N49W10DAAA 2,R20-94-05,SWM-94-172,MOODY,BIG SIOUX,2.13,17.9,15.77,10.47,8.34,12/12/1994 0:00,1994,3.55,3.55,100,100,,0,38,38,,0,13,13,157,157,,0,,0,16.7,16.7,<0.05,0,,0,<0.05,0,560,560,7.45,7.45,815,815,,0,,0,,0,,0,,0,,0,,0,,0,2.8,2.8,,0,,0,0,0,0.28,0.28,,0,,0,,0,,0,,0,247,247,<0.05,0,,0,,0,,0,,0,DAH MCC,,0,,0,,0,,0,,,,,0,,0,301,301,,0,,0,410,410
22,105N49W10DAAA 1,R20-94-04,SWM-95-113,MOODY,BIG SIOUX,2.53,24.6,22.07,9.32,6.79,7/17/1995 0:00,1995,0.39,0.39,116,116,,0,43,43,,0,14,14,180,180,,0,,0,18.6,18.6,<0.05,0,,0,0.07,0.07,612,612,7.34,7.34,897,897,,0,,0,,0,,0,,0,,0,,0,,0,3.4,3.4,,0,,0,0,0,0.23,0.23,,0,,0,,0,,0,,0,293,293,<0.05,0,,0,,0,,0,,0,DAH MCC TLW,,0,,0,,0,,0,,,,,0,,0,357,357,,0,,0,470,470
22,105N49W10DAAA 2,R20-94-05,SWM-95-114,MOODY,BIG SIOUX,2.13,17.9,15.77,8.8,6.67,7/17/1995 0:00,1995,1.72,1.72,93,93,,0,34,34,,0,11,11,117,117,,0,,0,13.4,13.4,<0.05,0,,0,<0.05,0,480,480,7.47,7.47,734,734,,0,,0,,0,,0,,0,,0,,0,,0,3.1,3.1,,0,,0,0,0,0.31,0.31,,0,,0,,0,,0,,0,258,258,<0.05,0,,0,,0,,0,,0,DAH MCC TLW,,0,,0,,0,,0,,,,,0,,0,315,315,,0,,0,370,370
22,105N49W10DAAA 1,R20-94-04,SWM-97-118,MOODY,BIG SIOUX,2.53,24.6,22.07,9.89,7.36,7/15/1997 0:00,1997,0.6,0.6,134,134,,0,50.2,50.2,,0,14.5,14.5,201,201,,0,,0,21,21,<0.06,0,,0,0.09,0.09,700,700,7.35,7.35,1010,1010,,0,,0,,0,,0,,0,,0,,0,,0,3.3,3.3,,0,,0,0,0,0.23,0.23,,0,,0,,0,,0,,0,343,343,<0.02,0,,0,,0,,0,,0,,,0,,0,,0,,0,,,,,0,0,0,418,418,,0,,0,541,541
22,105N49W10DAAA 2,R20-94-05,SWM-97-119,MOODY,BIG SIOUX,2.13,17.9,15.77,9.25,7.12,7/15/1997 0:00,1997,4.1,4.1,120,120,,0,46.0,46,,0,12.9,12.9,171,171,,0,,0,19,19,<0.06,0,,0,<0.02,0,636,636,7.48,7.48,943,943,,0,,0,,0,,0,,0,,0,,0,,0,2.9,2.9,,0,,0,0,0,0.27,0.27,,0,,0,,0,,0,,0,309,309,<0.02,0,,0,,0,,0,,0,,,0,,0,,0,,0,,,,,0,0,0,377,377,,0,,0,489,489
22,105N49W10DAAA 1,R20-94-04,SWM-96-120,MOODY,BIG SIOUX,2.53,24.6,22.07,10.05,7.52,7/15/1996 0:00,1996,1.1,1.1,123,123,,0,43.4,43.4,,0,12.5,12.5,230,230,,0,,0,23,23,<0.06,0,,0,0.08,0.08,618,618,7.60,7.6,892.5,892.5,,0,,0,,0,,0,,0,,0,,0,,0,2.9,2.9,,0,,0,0,0,0.24,0.24,,0,,0,,0,,0,,0,262,262,<0.02,0,,0,,0,,0,,0,,,0,,0,,0,,0,,,,,0,0,0,319,319,320,320,0,0,486,486
22,105N49W10DAAA 2,R20-94-05,SWM-96-121,MOODY,BIG SIOUX,2.13,17.9,15.77,8.4,6.27,7/15/1996 0:00,1996,4.2,4.2,110,110,,0,39.4,39.4,,0,12.1,12.1,184,184,,0,,0,27,27,<0.06,0,,0,<0.02,0,575,575,7.68,7.68,840,840,,0,,0,,0,,0,,0,,0,,0,,0,2.7,2.7,,0,,0,0,0,0.28,0.28,,0,,0,,0,,0,,0,254,254,<0.02,0,,0,,0,,0,,0,,,0,,0,,0,,0,,,,,0,0,0,310,310,310,310,0,0,437,437
22,105N49W10DAAA 1,R20-94-04,SWM-99-122,MOODY,BIG SIOUX,2.53,24.6,22.07,9.77,7.24,7/12/1999 0:00,1999,0.9,0.9,140,140,,0,48.8,48.8,,0,12.3,12.3,218,218,,0,,0,22.9,22.9,0.03,0.03,,0,0.07,0.07,695,695,7.44,7.44,960,960,,0,1.5,1.5,,0,<0.2,0,11.5,11.5,3.7,3.7,<0.1,0,,0,3.4,3.4,,0,,0,0,0,0.22,0.22,35,35,<0.4,0,,0,<0.1,0,<0.5,0,322,322,<0.02,0,,0,,0,,0,,0,,<0.2,0,<0.010,0,<0.1,0,,0,,,,<0.2,0,0,0,393,393,,0,,0,551,551
22,105N49W10DAAA 2,R20-94-05,SWM-99-123,MOODY,BIG SIOUX,2.13,17.9,15.77,9.14,7.01,7/12/1999 0:00,1999,3.1,3.1,122,122,,0,43.9,43.9,,0,11.5,11.5,167,167,,0,,0,20.0,20,0.02,0.02,,0,<0.02,0,627,627,7.54,7.54,857,857,,0,1.1,1.1,,0,<0.2,0,10.2,10.2,2.5,2.5,<0.1,0,,0,2.8,2.8,,0,,0,0,0,0.28,0.28,71,71,<0.3,0,,0,<0.1,0,0.7,0.7,302,302,<0.02,0,,0,,0,,0,,0,,<0.2,0,<0.010,0,<0.1,0,,0,,,,<0.2,0,0,0,368,368,,0,,0,485,485
