datetime,agency_cd,site_no,mean_discharge_CFS,128885_00060_00003_cd,mean_gauge_height,233781_00065_00003_cd,mean_guage_height_2,244203_00065_00003_cd,mean_nitrate_nitrite,265807_99133_00003_cd,year,month,day,groups,month_day,SMA_dis_30,SMA_nit_30,SMMin_dis_30,SMMin_nit_30
2019-04-06,USGS,6481000,6790.0,A,,,13.77,A,2.45,A,2019,4,6,4,4-6,6057.766666666666,2.45,320.0,2.45
2019-04-07,USGS,6481000,8030.0,A,,,14.3,A,3.22,A,2019,4,7,4,4-7,6314.766666666666,2.835,321.0,2.45
2019-04-08,USGS,6481000,7960.0,A,,,14.27,A,3.04,A,2019,4,8,4,4-8,6569.4,2.9033333333333338,324.0,2.45
2019-04-09,USGS,6481000,7570.0,A,,,14.12,A,2.65,A,2019,4,9,4,4-9,6810.933333333333,2.84,330.0,2.45
2019-04-13,USGS,6481000,6310.0,A,,,13.54,A,1.81,A,2019,4,13,4,4-13,7685.333333333333,2.634,1080.0,1.81
2019-04-14,USGS,6481000,5920.0,A,,,13.33,A,1.9,A,2019,4,14,4,4-14,7846.666666666667,2.5116666666666667,1640.0,1.81
2019-04-15,USGS,6481000,6000.0,A,,,13.38,A,1.98,A,2019,4,15,4,4-15,7992.0,2.435714285714286,2760.0,1.81
2019-04-16,USGS,6481000,6800.0,A,,,13.78,A,2.23,A,2019,4,16,4,4-16,8126.666666666667,2.41,3590.0,1.81
2019-04-17,USGS,6481000,7370.0,A,,,14.04,A,2.4,A,2019,4,17,4,4-17,8252.666666666666,2.408888888888889,4200.0,1.81
2019-04-18,USGS,6481000,7740.0,A,,,14.19,A,2.39,A,2019,4,18,4,4-18,8370.666666666666,2.407,4900.0,1.81
2019-04-19,USGS,6481000,8220.0,A,,,14.37,A,2.13,A,2019,4,19,4,4-19,8481.333333333334,2.381818181818182,5760.0,1.81
2019-04-20,USGS,6481000,8350.0,A,,,14.41,A,1.85,A,2019,4,20,4,4-20,8567.666666666666,2.3375,5920.0,1.81
2019-04-21,USGS,6481000,8280.0,A,,,14.39,A,1.58,A,2019,4,21,4,4-21,8606.666666666666,2.279230769230769,5920.0,1.58
2019-04-22,USGS,6481000,8050.0,A,,,14.31,A,1.33,A,2019,4,22,4,4-22,8547.333333333334,2.2114285714285713,5920.0,1.33
2019-04-23,USGS,6481000,7740.0,A,,,14.19,A,1.3,A,2019,4,23,4,4-23,8342.0,2.1506666666666665,5920.0,1.3
2019-04-24,USGS,6481000,7470.0,A,,,14.08,A,1.16,A,2019,4,24,4,4-24,8154.333333333333,2.08875,5920.0,1.16
2019-04-25,USGS,6481000,7050.0,A,,,13.9,A,1.08,A,2019,4,25,4,4-25,7972.666666666667,2.0294117647058822,5920.0,1.08
2019-04-26,USGS,6481000,6680.0,A,,,13.72,A,1.07,A,2019,4,26,4,4-26,7808.666666666667,1.9761111111111112,5920.0,1.07
2019-05-22,USGS,6481000,6360.0,A,,,13.57,A,1.47,A,2019,5,22,5,5-22,6129.0,1.216,4960.0,1.07
2019-05-23,USGS,6481000,6250.0,A,,,13.51,A,1.71,A,2019,5,23,5,5-23,6079.333333333333,1.298,4960.0,1.07
2019-05-24,USGS,6481000,6140.0,A,,,13.45,A,1.8,A,2019,5,24,5,5-24,6035.0,1.426,4960.0,1.07
2019-05-25,USGS,6481000,6070.0,A,,,13.41,A,1.74,A,2019,5,25,5,5-25,6002.333333333333,1.5580000000000003,4960.0,1.07
2019-05-26,USGS,6481000,6180.0,A,,,13.47,A,1.46,A,2019,5,26,5,5-26,5985.666666666667,1.636,4960.0,1.46
2019-05-27,USGS,6481000,6540.0,A,,,13.66,A,1.25,A,2019,5,27,5,5-27,5985.0,1.5716666666666665,4960.0,1.25
2019-05-28,USGS,6481000,7260.0,A,,,13.99,A,1.76,A,2019,5,28,5,5-28,6003.666666666667,1.5985714285714285,4960.0,1.25
2019-05-29,USGS,6481000,7480.0,A,,,14.08,A,1.8,A,2019,5,29,5,5-29,6027.333333333333,1.62375,4960.0,1.25
2019-05-30,USGS,6481000,7240.0,A,,,13.98,A,1.8,A,2019,5,30,5,5-30,6043.666666666667,1.6433333333333335,4960.0,1.25
2019-05-31,USGS,6481000,6510.0,A,,,13.64,A,1.76,A,2019,5,31,5,5-31,6037.333333333333,1.655,4960.0,1.25
2019-06-01,USGS,6481000,6010.0,A,,,13.39,A,1.61,A,2019,6,1,6,6-1,6021.333333333333,1.6509090909090909,4960.0,1.25
2019-06-02,USGS,6481000,5570.0,A,,,13.13,A,1.55,A,2019,6,2,6,6-2,5998.333333333333,1.6425,4960.0,1.25
2019-06-03,USGS,6481000,5160.0,A,,,12.86,A,1.5,A,2019,6,3,6,6-3,5970.333333333333,1.6315384615384616,4960.0,1.25
2019-06-04,USGS,6481000,4780.0,A,,,12.57,A,1.49,A,2019,6,4,6,6-4,5937.333333333333,1.6214285714285714,4780.0,1.25
2019-06-05,USGS,6481000,4490.0,A,,,12.32,A,1.49,A,2019,6,5,6,6-5,5902.666666666667,1.6126666666666667,4490.0,1.25
2019-06-06,USGS,6481000,4240.0,A,,,12.09,A,1.5,A,2019,6,6,6,6-6,5868.333333333333,1.605625,4240.0,1.25
2019-06-07,USGS,6481000,4020.0,A,,,11.87,A,1.5,A,2019,6,7,6,6-7,5829.666666666667,1.5994117647058825,4020.0,1.25
2019-06-08,USGS,6481000,3820.0,A,,,11.64,A,1.5,A,2019,6,8,6,6-8,5769.333333333333,1.593888888888889,3820.0,1.25
2019-06-09,USGS,6481000,3630.0,A,,,11.4,A,1.5,A,2019,6,9,6,6-9,5688.666666666667,1.5889473684210527,3630.0,1.25
2019-06-10,USGS,6481000,3440.0,A,,,11.16,A,1.51,A,2019,6,10,6,6-10,5596.0,1.585,3440.0,1.25
2019-06-11,USGS,6481000,3310.0,A,,,10.99,A,1.64,A,2019,6,11,6,6-11,5491.333333333333,1.5876190476190477,3310.0,1.25
2019-06-12,USGS,6481000,3420.0,A,,,11.14,A,1.85,A,2019,6,12,6,6-12,5388.0,1.5995454545454544,3310.0,1.25
2019-06-13,USGS,6481000,3180.0,A,,,10.81,A,1.96,A,2019,6,13,6,6-13,5285.666666666667,1.6152173913043477,3180.0,1.25
2019-06-14,USGS,6481000,3030.0,A,,,10.57,A,2.0,A,2019,6,14,6,6-14,5192.0,1.6312499999999999,3030.0,1.25
2019-06-15,USGS,6481000,2910.0,A,,,10.37,A,1.94,A,2019,6,15,6,6-15,5105.666666666667,1.6436000000000002,2910.0,1.25
2019-06-16,USGS,6481000,2890.0,A,,,10.33,A,1.83,A,2019,6,16,6,6-16,5029.666666666667,1.6507692307692308,2890.0,1.25
2019-06-17,USGS,6481000,2980.0,A,,,10.48,A,1.97,A,2019,6,17,6,6-17,4963.0,1.6625925925925926,2890.0,1.25
2019-06-18,USGS,6481000,2990.0,A,,,10.5,A,2.0,A,2019,6,18,6,6-18,4897.333333333333,1.674642857142857,2890.0,1.25
2019-06-19,USGS,6481000,3050.0,A,,,10.6,A,2.05,A,2019,6,19,6,6-19,4826.666666666667,1.6875862068965517,2890.0,1.25
2019-06-20,USGS,6481000,2970.0,A,,,10.48,A,2.0,A,2019,6,20,6,6-20,4730.666666666667,1.698,2890.0,1.25
2019-06-21,USGS,6481000,2830.0,A,,,10.24,A,2.0,A,2019,6,21,6,6-21,4613.0,1.7156666666666667,2830.0,1.25
2019-06-22,USGS,6481000,2700.0,A,,,10.01,A,2.0,A,2019,6,22,6,6-22,4494.666666666667,1.7253333333333332,2700.0,1.25
2019-06-23,USGS,6481000,2600.0,A,,,9.83,A,2.0,A,2019,6,23,6,6-23,4376.666666666667,1.732,2600.0,1.25
2019-06-24,USGS,6481000,2510.0,A,,,9.67,A,2.01,A,2019,6,24,6,6-24,4258.0,1.741,2510.0,1.25
2019-06-25,USGS,6481000,2420.0,A,,,9.49,A,2.05,A,2019,6,25,6,6-25,4132.666666666667,1.7606666666666666,2420.0,1.25
2019-06-26,USGS,6481000,2340.0,A,,,9.34,A,2.1,A,2019,6,26,6,6-26,3992.6666666666665,1.7890000000000001,2340.0,1.49
2019-06-27,USGS,6481000,2710.0,A,,,10.01,A,2.23,A,2019,6,27,6,6-27,3841.0,1.8046666666666666,2340.0,1.49
2019-06-28,USGS,6481000,3640.0,A,,,11.45,A,3.15,A,2019,6,28,6,6-28,3713.0,1.8496666666666666,2340.0,1.49
2019-06-29,USGS,6481000,2910.0,A,,,10.4,A,2.81,A,2019,6,29,6,6-29,3568.6666666666665,1.8833333333333333,2340.0,1.49
2019-06-30,USGS,6481000,2720.0,A,,,10.06,A,2.52,A,2019,6,30,6,6-30,3442.3333333333335,1.9086666666666667,2340.0,1.49
2019-07-01,USGS,6481000,2670.0,A,,,9.99,A,2.34,A,2019,7,1,7,7-1,3331.0,1.9329999999999998,2340.0,1.49
2019-07-02,USGS,6481000,2610.0,A,,,9.88,A,2.13,A,2019,7,2,7,7-2,3232.3333333333335,1.9523333333333333,2340.0,1.49
2019-07-03,USGS,6481000,2630.0,A,,,9.91,A,2.0,A,2019,7,3,7,7-3,3148.0,1.969,2340.0,1.49
2019-07-04,USGS,6481000,2700.0,A,,,10.04,A,1.92,A,2019,7,4,7,7-4,3078.6666666666665,1.9833333333333334,2340.0,1.49
2019-07-05,USGS,6481000,2850.0,A,,,10.31,A,1.97,A,2019,7,5,7,7-5,3024.0,1.9993333333333334,2340.0,1.5
2019-07-06,USGS,6481000,3070.0,A,,,10.69,A,2.06,A,2019,7,6,7,7-6,2985.0,2.018,2340.0,1.5
2019-07-07,USGS,6481000,3240.0,A,,,10.96,A,1.95,A,2019,7,7,7,7-7,2959.0,2.033,2340.0,1.5
2019-07-08,USGS,6481000,3430.0,A,,,11.23,A,1.8,A,2019,7,8,7,7-8,2946.0,2.043,2340.0,1.5
2019-07-09,USGS,6481000,3660.0,A,,,11.51,A,1.7,A,2019,7,9,7,7-9,2947.0,2.0496666666666665,2340.0,1.51
2019-07-10,USGS,6481000,3980.0,A,,,11.88,A,1.77,A,2019,7,10,7,7-10,2965.0,2.058333333333333,2340.0,1.64
2019-07-11,USGS,6481000,4170.0,A,,,12.08,A,1.88,A,2019,7,11,7,7-11,2993.6666666666665,2.066333333333333,2340.0,1.7
2019-07-12,USGS,6481000,4340.0,A,,,12.23,A,1.7,A,2019,7,12,7,7-12,3024.3333333333335,2.0613333333333332,2340.0,1.7
2019-07-13,USGS,6481000,4720.0,A,,,12.56,A,1.53,A,2019,7,13,7,7-13,3075.6666666666665,2.047,2340.0,1.53
2019-07-14,USGS,6481000,5290.0,A,,,12.97,A,1.35,A,2019,7,14,7,7-14,3151.0,2.025333333333333,2340.0,1.35
2019-07-15,USGS,6481000,5730.0,A,,,13.24,A,1.22,A,2019,7,15,7,7-15,3245.0,2.001333333333333,2340.0,1.22
2019-07-16,USGS,6481000,5960.0,A,,,13.37,A,1.2,A,2019,7,16,7,7-16,3347.3333333333335,1.9803333333333333,2340.0,1.2
2019-07-17,USGS,6481000,5840.0,A,,,13.31,A,1.12,A,2019,7,17,7,7-17,3442.6666666666665,1.9520000000000002,2340.0,1.12
2019-07-18,USGS,6481000,5460.0,A,,,13.08,A,1.17,A,2019,7,18,7,7-18,3525.0,1.9243333333333332,2340.0,1.12
2019-07-19,USGS,6481000,5030.0,A,,,12.8,A,1.2,A,2019,7,19,7,7-19,3591.0,1.8960000000000001,2340.0,1.12
2019-07-20,USGS,6481000,4870.0,A,,,12.69,A,1.23,A,2019,7,20,7,7-20,3654.3333333333335,1.8703333333333334,2340.0,1.12
2019-07-21,USGS,6481000,5060.0,A,,,12.83,A,1.35,A,2019,7,21,7,7-21,3728.6666666666665,1.8486666666666667,2340.0,1.12
2019-07-22,USGS,6481000,5220.0,A,,,12.94,A,1.4,A,2019,7,22,7,7-22,3812.6666666666665,1.8286666666666667,2340.0,1.12
2019-07-23,USGS,6481000,5010.0,A,,,12.79,A,1.4,A,2019,7,23,7,7-23,3893.0,1.8086666666666669,2340.0,1.12
2019-07-24,USGS,6481000,4730.0,A,,,12.58,A,1.34,A,2019,7,24,7,7-24,3967.0,1.786333333333333,2340.0,1.12
2019-07-25,USGS,6481000,4390.0,A,,,12.29,A,1.3,A,2019,7,25,7,7-25,4032.6666666666665,1.7613333333333332,2340.0,1.12
2019-07-26,USGS,6481000,4040.0,A,,,11.97,A,1.3,A,2019,7,26,7,7-26,4089.3333333333335,1.7346666666666666,2610.0,1.12
2019-07-27,USGS,6481000,3750.0,A,,,11.66,A,1.29,A,2019,7,27,7,7-27,4124.0,1.7033333333333334,2610.0,1.12
2019-07-28,USGS,6481000,3500.0,A,,,11.36,A,1.26,A,2019,7,28,7,7-28,4119.333333333333,1.6403333333333334,2610.0,1.12
2019-07-29,USGS,6481000,3370.0,A,,,11.19,A,1.27,A,2019,7,29,7,7-29,4134.666666666667,1.589,2610.0,1.12
2019-07-30,USGS,6481000,3400.0,A,,,11.24,A,1.43,A,2019,7,30,7,7-30,4157.333333333333,1.5526666666666666,2610.0,1.12
2019-07-31,USGS,6481000,3500.0,A,,,11.37,A,1.41,A,2019,7,31,7,7-31,4185.0,1.5216666666666667,2610.0,1.12
2019-08-01,USGS,6481000,3580.0,A,,,11.47,A,1.36,A,2019,8,1,8,8-1,4217.333333333333,1.4959999999999998,2630.0,1.12
2019-08-02,USGS,6481000,3660.0,A,,,11.56,A,1.25,A,2019,8,2,8,8-2,4251.666666666667,1.4709999999999999,2700.0,1.12
2019-08-03,USGS,6481000,3580.0,A,,,11.47,A,1.22,A,2019,8,3,8,8-3,4281.0,1.4476666666666667,2850.0,1.12
2019-08-04,USGS,6481000,3330.0,A,,,11.16,A,1.33,A,2019,8,4,8,8-4,4297.0,1.4263333333333332,3070.0,1.12
2019-08-05,USGS,6481000,3040.0,A,,,10.73,A,1.3,A,2019,8,5,8,8-5,4296.0,1.401,3040.0,1.12
2019-08-06,USGS,6481000,2800.0,A,,,10.31,A,1.31,A,2019,8,6,8,8-6,4281.333333333333,1.3796666666666666,2800.0,1.12
2019-08-07,USGS,6481000,2600.0,A,,,9.96,A,1.36,A,2019,8,7,8,8-7,4253.666666666667,1.365,2600.0,1.12
2019-08-08,USGS,6481000,2420.0,A,,,9.63,A,1.29,A,2019,8,8,8,8-8,4212.333333333333,1.3513333333333333,2420.0,1.12
2019-08-09,USGS,6481000,2280.0,A,,,9.36,A,1.2,A,2019,8,9,8,8-9,4155.666666666667,1.3323333333333334,2280.0,1.12
2019-08-10,USGS,6481000,2200.0,A,,,9.2,A,1.2,A,2019,8,10,8,8-10,4090.0,1.3096666666666665,2200.0,1.12
2019-08-11,USGS,6481000,2130.0,A,,,9.06,A,1.22,A,2019,8,11,8,8-11,4016.3333333333335,1.2936666666666665,2130.0,1.12
2019-08-12,USGS,6481000,2080.0,A,,,8.97,A,1.26,A,2019,8,12,8,8-12,3928.3333333333335,1.2846666666666666,2080.0,1.12
2019-08-13,USGS,6481000,2020.0,A,,,8.85,A,1.22,A,2019,8,13,8,8-13,3819.3333333333335,1.2803333333333335,2020.0,1.12
2019-08-14,USGS,6481000,1960.0,A,,,8.74,A,1.26,A,2019,8,14,8,8-14,3693.6666666666665,1.2816666666666665,1960.0,1.12
2019-08-15,USGS,6481000,1920.0,A,,,8.64,A,1.36,A,2019,8,15,8,8-15,3559.0,1.287,1920.0,1.12
2019-08-16,USGS,6481000,1910.0,A,,,8.62,A,1.34,A,2019,8,16,8,8-16,3428.0,1.2943333333333333,1910.0,1.17
2019-08-17,USGS,6481000,1880.0,A,,,8.58,A,1.27,A,2019,8,17,8,8-17,3308.6666666666665,1.2976666666666667,1880.0,1.2
2019-08-18,USGS,6481000,2000.0,A,,,8.83,A,1.2,A,2019,8,18,8,8-18,3207.6666666666665,1.2976666666666667,1880.0,1.2
2019-08-19,USGS,6481000,2410.0,A,,,9.63,A,1.27,A,2019,8,19,8,8-19,3125.6666666666665,1.2990000000000002,1880.0,1.2
2019-08-20,USGS,6481000,2930.0,A,,,10.59,A,1.21,A,2019,8,20,8,8-20,3054.6666666666665,1.2943333333333333,1880.0,1.2
2019-08-21,USGS,6481000,3360.0,A,,,11.23,A,1.02,A,2019,8,21,8,8-21,2992.6666666666665,1.2816666666666667,1880.0,1.02
2019-08-22,USGS,6481000,3540.0,A,,,11.46,A,1.0,A,2019,8,22,8,8-22,2943.6666666666665,1.2683333333333333,1880.0,1.0
2019-08-23,USGS,6481000,3340.0,A,,,11.22,A,1.0,A,2019,8,23,8,8-23,2897.3333333333335,1.2570000000000001,1880.0,1.0
2019-08-24,USGS,6481000,2950.0,A,,,10.63,A,1.03,A,2019,8,24,8,8-24,2849.3333333333335,1.2480000000000002,1880.0,1.0
2019-08-25,USGS,6481000,2610.0,A,,,10.02,A,1.02,A,2019,8,25,8,8-25,2801.6666666666665,1.2386666666666666,1880.0,1.0
2019-08-26,USGS,6481000,2450.0,A,,,9.73,A,1.13,A,2019,8,26,8,8-26,2758.3333333333335,1.2333333333333334,1880.0,1.0
2019-08-27,USGS,6481000,2400.0,A,,,9.64,A,1.51,A,2019,8,27,8,8-27,2721.6666666666665,1.2416666666666667,1880.0,1.0
2019-08-28,USGS,6481000,2380.0,A,,,9.6,A,1.55,A,2019,8,28,8,8-28,2688.6666666666665,1.2510000000000001,1880.0,1.0
2019-08-29,USGS,6481000,2330.0,A,,,9.52,A,1.56,A,2019,8,29,8,8-29,2653.0,1.2553333333333332,1880.0,1.0
2019-08-30,USGS,6481000,2200.0,A,,,9.26,A,1.54,A,2019,8,30,8,8-30,2609.6666666666665,1.259666666666667,1880.0,1.0
2019-08-31,USGS,6481000,2060.0,A,,,8.98,A,1.36,A,2019,8,31,8,8-31,2559.0,1.259666666666667,1880.0,1.0
2019-09-01,USGS,6481000,1930.0,A,,,8.73,A,1.71,A,2019,9,1,9,9-1,2501.3333333333335,1.275,1880.0,1.0
2019-09-02,USGS,6481000,1840.0,A,,,8.53,A,2.13,A,2019,9,2,9,9-2,2443.3333333333335,1.3053333333333332,1840.0,1.0
2019-09-03,USGS,6481000,1750.0,A,,,8.34,A,1.4,A,2019,9,3,9,9-3,2390.6666666666665,1.3076666666666665,1750.0,1.0
2019-09-04,USGS,6481000,1670.0,A,,,8.17,A,1.3,A,2019,9,4,9,9-4,2345.0,1.3076666666666668,1670.0,1.0
2019-09-05,USGS,6481000,1590.0,A,,,8.0,A,1.25,A,2019,9,5,9,9-5,2304.6666666666665,1.3056666666666668,1590.0,1.0
2019-09-06,USGS,6481000,1520.0,A,,,7.84,A,1.23,A,2019,9,6,9,9-6,2268.6666666666665,1.3013333333333332,1520.0,1.0
2019-09-07,USGS,6481000,1460.0,A,,,7.71,A,1.2,A,2019,9,7,9,9-7,2236.6666666666665,1.2983333333333333,1460.0,1.0
2019-09-08,USGS,6481000,1470.0,A,,,7.73,A,1.21,A,2019,9,8,9,9-8,2209.6666666666665,1.2986666666666666,1460.0,1.0
2019-09-09,USGS,6481000,1530.0,A,,,7.86,A,1.25,A,2019,9,9,9,9-9,2187.3333333333335,1.3003333333333336,1460.0,1.0
2019-09-10,USGS,6481000,1750.0,A,,,8.36,A,1.41,A,2019,9,10,9,9-10,2174.6666666666665,1.3066666666666669,1460.0,1.0
2019-09-11,USGS,6481000,4000.0,A,,,11.75,A,1.58,A,2019,9,11,9,9-11,2238.6666666666665,1.3173333333333332,1460.0,1.0
2019-09-12,USGS,6481000,12400.0,A,,,15.22,A,1.49,A,2019,9,12,9,9-12,2584.6666666666665,1.3263333333333334,1460.0,1.0
2019-09-13,USGS,6481000,20300.0,A,,,16.48,A,1.39,A,2019,9,13,9,9-13,3196.0,1.3306666666666667,1460.0,1.0
2019-09-14,USGS,6481000,18500.0,A,,,16.29,A,1.26,A,2019,9,14,9,9-14,3748.6666666666665,1.3273333333333333,1460.0,1.0
2019-09-15,USGS,6481000,18000.0,A,,,16.22,A,1.0,A,2019,9,15,9,9-15,4285.0,1.3159999999999998,1460.0,1.0
2019-09-16,USGS,6481000,14200.0,A,,,15.73,A,1.02,A,2019,9,16,9,9-16,4695.666666666667,1.3076666666666668,1460.0,1.0
2019-09-17,USGS,6481000,11500.0,A,,,15.27,A,1.1,A,2019,9,17,9,9-17,5012.333333333333,1.3043333333333333,1460.0,1.0
2019-09-18,USGS,6481000,10100.0,A,,,14.91,A,1.08,A,2019,9,18,9,9-18,5268.666666666667,1.2979999999999998,1460.0,1.0
2019-09-19,USGS,6481000,8880.0,A,,,14.58,A,1.0,A,2019,9,19,9,9-19,5467.0,1.2910000000000001,1460.0,1.0
2019-09-20,USGS,6481000,7890.0,A,,,,,1.0,A,2019,9,20,9,9-20,5618.0,1.2903333333333333,1460.0,1.0
2019-09-21,USGS,6481000,7050.0,A,,,,,1.09,A,2019,9,21,9,9-21,5735.0,1.2933333333333332,1460.0,1.0
2019-09-22,USGS,6481000,6200.0,A,,,,,1.14,A,2019,9,22,9,9-22,5830.333333333333,1.2979999999999998,1460.0,1.0
2019-09-23,USGS,6481000,5390.0,A,,,,,1.28,A,2019,9,23,9,9-23,5911.666666666667,1.3063333333333333,1460.0,1.0
2019-09-24,USGS,6481000,4880.0,A,,,12.79,A,1.31,A,2019,9,24,9,9-24,5987.333333333333,1.316,1460.0,1.0
2019-09-25,USGS,6481000,4660.0,A,,,12.65,A,1.33,A,2019,9,25,9,9-25,6061.0,1.3226666666666667,1460.0,1.0
2019-09-26,USGS,6481000,4550.0,A,,,12.57,A,1.38,A,2019,9,26,9,9-26,6132.666666666667,1.3183333333333336,1460.0,1.0
2019-09-27,USGS,6481000,4240.0,A,,,12.34,A,1.49,A,2019,9,27,9,9-27,6194.666666666667,1.3163333333333331,1460.0,1.0
2019-09-28,USGS,6481000,3740.0,A,,,11.91,A,1.63,A,2019,9,28,9,9-28,6241.666666666667,1.3186666666666667,1460.0,1.0
2019-09-29,USGS,6481000,3350.0,A,,,11.51,A,1.71,A,2019,9,29,9,9-29,6280.0,1.3243333333333331,1460.0,1.0
2019-09-30,USGS,6481000,3080.0,A,,,11.21,A,1.81,A,2019,9,30,9,9-30,6314.0,1.3393333333333333,1460.0,1.0
2019-10-01,USGS,6481000,2960.0,A,,,11.05,A,1.88,A,2019,10,1,10,10-1,6348.333333333333,1.345,1460.0,1.0
2019-10-02,USGS,6481000,2980.0,A,,,11.08,A,1.9,A,2019,10,2,10,10-2,6386.333333333333,1.3373333333333333,1460.0,1.0
2019-10-03,USGS,6481000,2990.0,A,,,11.1,A,2.02,A,2019,10,3,10,10-3,6427.666666666667,1.358,1460.0,1.0
2019-10-04,USGS,6481000,2950.0,A,,,11.04,A,2.15,A,2019,10,4,10,10-4,6470.333333333333,1.3863333333333332,1460.0,1.0
2019-10-05,USGS,6481000,3020.0,A,,,11.13,A,2.3,A,2019,10,5,10,10-5,6518.0,1.4213333333333333,1460.0,1.0
2019-10-06,USGS,6481000,3090.0,A,,,11.23,A,2.46,A,2019,10,6,10,10-6,6570.333333333333,1.4623333333333333,1460.0,1.0
2019-10-07,USGS,6481000,3090.0,A,,,11.24,A,2.5,A,2019,10,7,10,10-7,6624.666666666667,1.5056666666666665,1470.0,1.0
2019-10-08,USGS,6481000,3060.0,A,,,11.19,A,2.53,A,2019,10,8,10,10-8,6677.666666666667,1.5496666666666665,1530.0,1.0
2019-10-09,USGS,6481000,2960.0,A,,,11.06,A,2.52,A,2019,10,9,10,10-9,6725.333333333333,1.5919999999999999,1750.0,1.0
2019-10-10,USGS,6481000,2870.0,A,,,10.91,A,2.43,A,2019,10,10,10,10-10,6762.666666666667,1.6260000000000001,2870.0,1.0
2019-10-11,USGS,6481000,2800.0,A,,,10.77,A,2.4,A,2019,10,11,10,10-11,6722.666666666667,1.6533333333333333,2800.0,1.0
2019-10-12,USGS,6481000,2750.0,A,,,10.68,A,2.4,A,2019,10,12,10,10-12,6401.0,1.6836666666666666,2750.0,1.0
2019-10-13,USGS,6481000,2750.0,A,,,10.67,A,2.43,A,2019,10,13,10,10-13,5816.0,1.7183333333333333,2750.0,1.0
2019-10-14,USGS,6481000,2770.0,A,,,10.71,A,2.57,A,2019,10,14,10,10-14,5291.666666666667,1.762,2750.0,1.0
2019-10-15,USGS,6481000,2790.0,A,,,10.76,A,2.69,A,2019,10,15,10,10-15,4784.666666666667,1.8183333333333336,2750.0,1.0
2019-10-16,USGS,6481000,2810.0,A,,,10.78,A,2.71,A,2019,10,16,10,10-16,4405.0,1.8746666666666665,2750.0,1.0
2019-10-17,USGS,6481000,2800.0,A,,,10.77,A,2.77,A,2019,10,17,10,10-17,4115.0,1.9303333333333332,2750.0,1.0
2019-10-18,USGS,6481000,2760.0,A,,,10.68,A,2.8,A,2019,10,18,10,10-18,3870.3333333333335,1.9876666666666665,2750.0,1.0
2019-10-19,USGS,6481000,2690.0,A,,,10.55,A,2.8,A,2019,10,19,10,10-19,3664.0,2.0476666666666667,2690.0,1.0
2019-10-20,USGS,6481000,2620.0,A,,,10.41,A,2.77,A,2019,10,20,10,10-20,3488.3333333333335,2.1066666666666665,2620.0,1.09
2019-10-21,USGS,6481000,2560.0,A,,,10.29,A,2.68,A,2019,10,21,10,10-21,3338.6666666666665,2.159666666666667,2560.0,1.14
2019-10-22,USGS,6481000,2610.0,A,,,10.39,A,2.64,A,2019,10,22,10,10-22,3219.0,2.2096666666666667,2560.0,1.28
2019-10-23,USGS,6481000,2690.0,A,,,10.56,A,2.73,A,2019,10,23,10,10-23,3129.0,2.258,2560.0,1.31
2019-10-24,USGS,6481000,2710.0,A,,,10.6,A,2.8,A,2019,10,24,10,10-24,3056.6666666666665,2.307666666666667,2560.0,1.33
2019-10-25,USGS,6481000,2740.0,A,,,10.65,A,2.87,A,2019,10,25,10,10-25,2992.6666666666665,2.359,2560.0,1.38
2019-10-26,USGS,6481000,2740.0,A,,,10.65,A,2.94,A,2019,10,26,10,10-26,2932.3333333333335,2.411,2560.0,1.49
2019-10-27,USGS,6481000,2700.0,A,,,10.57,A,2.88,A,2019,10,27,10,10-27,2881.0,2.457333333333333,2560.0,1.63
2019-10-28,USGS,6481000,2650.0,A,,,10.47,A,2.8,A,2019,10,28,10,10-28,2844.6666666666665,2.4963333333333333,2560.0,1.71
2019-10-29,USGS,6481000,2580.0,A,,,10.33,A,2.8,A,2019,10,29,10,10-29,2819.0,2.5326666666666666,2560.0,1.81
2019-10-30,USGS,6481000,2500.0,A,,,10.17,A,2.8,A,2019,10,30,10,10-30,2799.6666666666665,2.5656666666666665,2500.0,1.88
2019-10-31,USGS,6481000,2420.0,A,,,10.0,A,2.81,A,2019,10,31,10,10-31,2781.6666666666665,2.5966666666666662,2420.0,1.9
2019-11-01,USGS,6481000,2350.0,A,,,9.86,A,2.87,A,2019,11,1,11,11-1,2760.6666666666665,2.629,2350.0,2.02
2019-11-02,USGS,6481000,2310.0,A,,,9.76,A,2.9,A,2019,11,2,11,11-2,2738.0,2.6583333333333328,2310.0,2.15
