date,mean_ndvi,max_ndvi
2017-04-02,0.046789590269327164,0.3135250210762024
2017-04-18,0.0640813559293747,0.4591982960700989
2017-05-04,0.0660991370677948,0.5211702585220337
2017-06-05,0.08634058386087418,0.5387654900550842
2017-06-21,0.008645456284284592,0.27637168765068054
2017-07-07,0.1137261614203453,0.5100560784339905
2017-07-23,0.120994932949543,0.5395776629447937
2017-08-08,0.12068299949169159,0.5262902975082397
2017-08-24,0.1155771017074585,0.6041276454925537
2017-09-09,0.0,0.0
2017-09-25,0.0,0.0
2017-10-11,0.07783287763595581,0.46237507462501526
2017-10-27,0.0,0.0
2017-11-12,0.05920689180493355,0.3704338073730469
2017-11-28,0.052201561629772186,0.32319897413253784
2017-12-14,0.0,0.0
2017-12-30,-0.01463429443538189,0.003042851574718952
2018-01-15,-0.00017858819046523422,0.0
2018-01-31,0.017135486006736755,0.2860506772994995
2018-02-16,0.023129461333155632,0.3597795367240906
2018-03-04,-0.001331776613369584,0.0
2018-03-20,0.0,0.0
2018-04-05,0.0,0.0
2018-04-21,0.0,0.0
2018-05-07,0.06048177555203438,0.4819173216819763
2018-05-23,0.0,0.0
2018-06-08,0.0,0.0
2018-06-24,0.0,0.0
2018-07-10,0.13504600524902344,0.5523385405540466
2018-07-26,0.11904210597276688,0.585317850112915
2018-08-11,0.1382332742214203,0.5424692034721375
2018-08-27,-0.0012346927542239428,0.0006753869820386171
2018-09-12,0.10557982325553894,0.47896093130111694
2018-09-28,0.007310552056878805,0.19641759991645813
2018-10-14,0.0,0.0
2018-10-30,0.0,0.0
2018-11-15,0.051271699368953705,0.3694119155406952
2018-12-01,0.0,0.0
2018-12-17,0.045667290687561035,0.3062458038330078
2019-01-02,0.0004575644852593541,0.19520454108715057
2019-01-18,0.0,0.0
2019-02-03,0.0,0.0
2019-02-19,-0.0017902756808325648,0.10128466039896011
2019-03-07,-0.010859359987080097,0.0
2019-03-23,0.011929044499993324,0.25810718536376953
2019-04-08,0.03958813101053238,0.3078277111053467
2019-04-24,0.04905599728226662,0.3858351707458496
2019-05-10,0.06174803897738457,0.4414999186992645
2019-05-26,0.07473689317703247,0.5476023554801941
2019-06-11,0.0,0.0
2019-06-27,0.0,0.0
2019-07-13,0.0,0.0
2019-07-29,0.1127244383096695,0.5419809222221375
2019-08-14,0.0,0.0
2019-08-30,0.12461575120687485,0.5359945893287659
2019-09-15,0.10085798054933548,0.5097917318344116
2019-10-01,0.0,0.0
2019-10-17,0.07385051250457764,0.46233224868774414
2019-11-02,0.06223349645733833,0.4044259190559387
2019-11-18,0.05599759891629219,0.35900142788887024
2019-12-04,-0.0012218344490975142,0.29489603638648987
2020-01-05,-0.0013622031547129154,0.31735092401504517
2020-01-21,0.0,0.0
2020-02-06,0.0,0.0
2020-02-22,-0.0016010272083804011,0.18089626729488373
2020-03-09,0.0,0.0
2020-03-25,0.010070710442960262,0.24419358372688293
2020-04-10,0.027516301721334457,0.20910565555095673
2020-04-26,0.05649472773075104,0.4104614853858948
2020-05-12,0.0,0.0
2020-05-28,0.08188953995704651,0.5372135043144226
2020-06-13,0.05309006944298744,0.4803747832775116
2020-06-29,0.0,0.0
2020-07-15,0.0,0.0
2020-07-31,0.07888323068618774,0.574813187122345
2020-08-16,0.12475534528493881,0.5424354076385498
2020-09-01,0.009105213917791843,0.4716542661190033
2020-09-17,0.078608438372612,0.426977276802063
2020-10-03,0.0,0.0
2020-10-19,0.0,0.0
2020-11-20,0.0019616507925093174,0.2380952388048172
2020-12-06,0.04587246850132942,0.32230469584465027
2020-12-22,0.042060330510139465,0.259948194026947
2021-01-07,0.0,0.0
2021-01-23,0.0,0.0
2021-02-08,0.0,0.0
2021-02-24,0.016715150326490402,0.20047399401664734
2021-03-12,0.038668278604745865,0.2396060824394226
2021-03-28,0.04081057012081146,0.26966920495033264
