date,mean_et,max_et
2017-01-01,32.0,32.0
2017-01-09,,
2017-01-17,30.0,32.0
2017-01-25,,
2017-02-02,64.5,66.0
2017-02-10,78.61538461538461,89.0
2017-02-18,67.8695652173913,75.0
2017-02-26,87.0,89.0
2017-03-06,62.608333333333334,68.0
2017-03-14,96.4,107.0
2017-03-22,117.28333333333333,133.0
2017-03-30,90.2542372881356,96.0
2017-04-07,112.73255813953489,121.0
2017-04-15,107.7094017094017,149.0
2017-04-23,,
2017-05-01,113.01680672268908,199.0
2017-05-09,127.74166666666666,245.0
2017-05-17,,
2017-05-25,137.29166666666666,291.0
2017-06-02,160.14285714285714,304.0
2017-06-10,206.5304347826087,285.0
2017-06-18,197.8695652173913,310.0
2017-06-26,218.13675213675214,366.0
2017-07-04,290.55833333333334,476.0
2017-07-12,274.87394957983196,433.0
2017-07-20,299.0625,454.0
2017-07-28,275.9120879120879,462.0
2017-08-05,210.48453608247422,455.0
2017-08-13,275.65811965811963,400.0
2017-08-21,264.4757281553398,442.0
2017-08-29,252.35,437.0
2017-09-06,212.08403361344537,433.0
2017-09-14,158.35897435897436,251.0
2017-09-22,125.89075630252101,174.0
2017-09-30,112.95535714285714,128.0
2017-10-08,67.02564102564102,99.0
2017-10-16,60.91428571428571,105.0
2017-10-24,54.85858585858586,65.0
2017-11-01,60.54545454545455,68.0
2017-11-09,50.142857142857146,64.0
2017-11-17,63.417910447761194,76.0
2017-11-25,62.09803921568628,76.0
2017-12-03,55.0,55.0
2017-12-11,55.717948717948715,64.0
2017-12-19,,
2017-12-27,,
2018-01-01,,
2018-01-09,,
2018-01-17,,
2018-01-25,41.01190476190476,44.0
2018-02-02,,
2018-02-10,,
2018-02-18,,
2018-02-26,,
2018-03-06,59.5,64.0
2018-03-14,71.6,82.0
2018-03-22,105.57142857142857,115.0
2018-03-30,92.43529411764706,109.0
2018-04-07,111.03846153846153,127.0
2018-04-15,79.52252252252252,123.0
2018-04-23,74.76991150442478,91.0
2018-05-01,99.04807692307692,180.0
2018-05-09,134.8190476190476,157.0
2018-05-17,182.93,275.0
2018-05-25,172.26271186440678,307.0
2018-06-02,203.91228070175438,302.0
2018-06-10,262.02521008403363,342.0
2018-06-18,,
2018-06-26,344.77272727272725,517.0
2018-07-04,417.19166666666666,635.0
2018-07-12,344.94166666666666,533.0
2018-07-20,352.4086956521739,544.0
2018-07-28,315.2962962962963,465.0
2018-08-05,353.28333333333336,533.0
2018-08-13,282.0188679245283,463.0
2018-08-21,266.5217391304348,441.0
2018-08-29,206.7117117117117,278.0
2018-09-06,204.63478260869564,258.0
2018-09-14,166.46666666666667,188.0
2018-09-22,98.5,121.0
2018-09-30,101.92857142857143,108.0
2018-10-08,77.08695652173913,92.0
2018-10-16,62.10679611650485,72.0
2018-10-24,65.97260273972603,77.0
2018-11-01,,
2018-11-09,51.42857142857143,65.0
2018-11-17,48.81159420289855,55.0
2018-11-25,33.904761904761905,39.0
2018-12-03,,
2018-12-11,49.11666666666667,55.0
2018-12-19,38.78125,44.0
2018-12-27,,
2019-01-01,29.833333333333332,32.0
2019-01-09,,
2019-01-17,,
2019-01-25,,
2019-02-02,,
2019-02-10,,
2019-02-18,,
2019-02-26,,
2019-03-06,,
2019-03-14,75.82692307692308,91.0
2019-03-22,138.0,153.0
2019-03-30,106.9,120.0
2019-04-07,82.14285714285714,112.0
2019-04-15,154.8640776699029,182.0
2019-04-23,122.02752293577981,141.0
2019-05-01,132.90178571428572,149.0
2019-05-09,182.09345794392524,228.0
2019-05-17,187.36363636363637,201.0
2019-05-25,197.9578947368421,263.0
2019-06-02,165.45217391304348,250.0
2019-06-10,199.94957983193277,330.0
2019-06-18,218.2719298245614,269.0
2019-06-26,279.8333333333333,304.0
2019-07-04,303.5858585858586,393.0
2019-07-12,366.98130841121497,564.0
2019-07-20,286.8487394957983,476.0
2019-07-28,300.712962962963,499.0
2019-08-05,305.75,483.0
2019-08-13,304.6666666666667,462.0
2019-08-21,249.03478260869565,461.0
2019-08-29,243.69166666666666,381.0
2019-09-06,182.23931623931625,238.0
2019-09-14,212.69911504424778,298.0
2019-09-22,128.04347826086956,179.0
2019-09-30,113.34166666666667,143.0
2019-10-08,77.49090909090908,84.0
2019-10-16,74.3859649122807,82.0
2019-10-24,52.01724137931034,67.0
2019-11-01,54.48148148148148,68.0
2019-11-09,48.608695652173914,56.0
2019-11-17,52.92156862745098,67.0
2019-11-25,33.0,37.0
2019-12-03,28.5,30.0
2019-12-11,,
2019-12-19,,
2019-12-27,,
2020-01-01,,
2020-01-09,,
2020-01-17,,
2020-01-25,,
2020-02-02,,
2020-02-10,,
2020-02-18,63.0,70.0
2020-02-26,79.6,95.0
2020-03-05,110.71739130434783,125.0
2020-03-13,82.5,85.0
2020-03-21,,
2020-03-29,101.70833333333333,122.0
2020-04-06,106.20202020202021,123.0
2020-04-14,103.78899082568807,124.0
2020-04-22,121.88181818181818,158.0
2020-04-30,107.99145299145299,136.0
2020-05-08,108.28915662650603,122.0
2020-05-16,,
2020-05-24,196.7027027027027,267.0
2020-06-01,211.92307692307693,319.0
2020-06-09,236.21052631578948,362.0
2020-06-17,239.0648148148148,341.0
2020-06-25,287.2429906542056,536.0
2020-07-03,356.51724137931035,561.0
2020-07-11,395.7563025210084,606.0
2020-07-19,384.2307692307692,604.0
2020-07-27,328.3904761904762,541.0
2020-08-04,325.5181818181818,544.0
2020-08-12,285.93859649122805,426.0
2020-08-20,281.39166666666665,377.0
2020-08-28,184.15833333333333,270.0
2020-09-05,106.46491228070175,119.0
2020-09-13,106.90350877192982,131.0
2020-09-21,116.11009174311927,143.0
2020-09-29,76.0,87.0
2020-10-07,75.61904761904762,81.0
2020-10-15,51.294117647058826,56.0
2020-10-23,45.5,53.0
2020-10-31,70.15217391304348,77.0
2020-11-08,61.972972972972975,73.0
2020-11-16,61.81481481481482,72.0
2020-11-24,51.32258064516129,63.0
2020-12-02,52.92631578947368,64.0
2020-12-10,51.0,52.0
2020-12-18,44.879629629629626,52.0
2020-12-26,,
2021-01-01,,
2021-01-09,41.0,41.0
2021-01-17,,
2021-01-25,,
2021-02-02,,
2021-02-10,,
2021-02-18,49.03225806451613,57.0
2021-02-26,86.45794392523365,99.0
2021-03-06,82.48305084745763,93.0
2021-03-14,68.1304347826087,84.0
2021-03-22,81.57272727272728,90.0
2021-03-30,84.95575221238938,90.0
2021-04-07,103.6036036036036,113.0
2021-04-15,99.08695652173913,110.0
