date,mean,max
2017-01-01,16.930192108154298,17.927000045776367
2017-02-01,10.552792152404786,11.720000267028809
2017-03-01,23.24368029785156,23.597999572753906
2017-04-01,44.634088592529295,46.58700180053711
2017-05-01,122.32364050292969,123.06500244140625
2017-06-01,58.40145556640625,63.678001403808594
2017-07-01,43.160976684570315,47.19900131225586
2017-08-01,154.72290698242188,161.36399841308594
2017-09-01,56.06515914916992,61.48699951171875
2017-10-01,98.1374248046875,108.44000244140625
2017-11-01,4.533911968231201,4.671999931335449
2017-12-01,16.818999923706055,17.549999237060547
2018-01-01,6.864256023406982,7.439000129699707
2018-02-01,27.60820820617676,28.172000885009766
2018-03-01,69.26407159423829,72.54399871826172
2018-04-01,81.5453451538086,82.86000061035156
2018-05-01,66.73231097412109,69.93699645996094
2018-06-01,223.8250284423828,240.39700317382812
2018-07-01,130.59279229736327,138.9739990234375
2018-08-01,100.21286456298829,114.41899871826172
2018-09-01,182.17783068847658,193.99000549316406
2018-10-01,65.8724783630371,68.24299621582031
2018-11-01,28.049943374633788,28.893999099731445
2018-12-01,30.75153601074219,31.3700008392334
2019-01-01,25.106823837280274,34.082000732421875
2019-02-01,43.28003268432617,47.04800033569336
2019-03-01,87.72558532714844,90.11900329589844
2019-04-01,164.57593701171874,171.71499633789062
2019-05-01,168.69339611816406,172.02000427246094
2019-06-01,91.75256091308594,96.69200134277344
2019-07-01,140.13112658691406,143.32699584960938
2019-08-01,68.10382397460937,73.68699645996094
2019-09-01,195.0674729003906,213.8280029296875
2019-10-01,69.5103451538086,71.64700317382812
2019-11-01,37.83760040283203,39.439998626708984
2019-12-01,32.553256607055665,33.361000061035156
