date,site,mean_ndvi,max_ndvi
2017-04-02,Moody County,0.11108301450931664,0.4282167706529906
2017-04-18,Moody County,0.1393593214292334,0.5481078481469236
2017-05-04,Moody County,0.15134209287912723,0.5789929803275847
2017-06-05,Moody County,0.19222374278265303,0.5916238437821172
2017-06-21,Moody County,0.21781770030898523,0.5884565239193662
2017-07-07,Moody County,0.34174159745661203,0.580520758530812
2017-07-23,Moody County,0.4111298364658536,0.6474301824052432
2017-08-08,Moody County,0.4120670978474799,0.6492201204190964
2017-08-24,Moody County,0.4341236076408968,0.6878228935410917
2017-09-09,Moody County,0.40679592789892144,0.5501651473114018
2017-09-25,Moody County,,
2017-10-11,Moody County,0.18136329711481883,0.552952057962078
2017-10-27,Moody County,,
2017-11-12,Moody County,0.1406385571120972,0.4871273909383798
2017-11-28,Moody County,0.12471338196645163,0.4783778934146779
2017-12-14,Moody County,,
2017-12-30,Moody County,-0.04191470059878213,0.5490975139062323
2018-01-15,Moody County,-0.07576166292852929,0.2838650023116043
2018-01-31,Moody County,0.05716968728419457,0.47176513229430955
2018-02-16,Moody County,0.06144903287442436,0.5806202658282121
2018-03-04,Moody County,-0.02155524099369154,0.0022026761766336515
2018-03-20,Moody County,,
2018-04-05,Moody County,0.0388506741195851,0.33920871472879943
2018-04-21,Moody County,,
2018-05-07,Moody County,0.13322383953489755,0.5517058698876881
2018-05-23,Moody County,,
2018-06-08,Moody County,0.2936244515722282,0.4904546236312561
2018-06-24,Moody County,0.32123435716091314,0.615079673532841
2018-07-10,Moody County,0.4179349852377809,0.6003544740371719
2018-07-26,Moody County,0.43498115842642865,0.6642607471968769
2018-08-11,Moody County,0.4420291500093317,0.5807013600089918
2018-08-27,Moody County,-0.0013971671874237056,0.03659832953682612
2018-09-12,Moody County,0.30506297918765746,0.5699941222570533
2018-09-28,Moody County,0.16552340876165322,0.5815326995102276
2018-10-14,Moody County,,
2018-10-30,Moody County,,
2018-11-15,Moody County,0.12204310363849755,0.4781895005623613
2018-12-01,Moody County,,
2018-12-17,Moody County,0.10702414056054957,0.47244037754881474
2019-01-02,Moody County,-0.022884036114614204,0.46805245535714285
2019-01-18,Moody County,,
2019-02-03,Moody County,,
2019-02-19,Moody County,-0.024971551898001043,0.45234428167197965
2019-03-07,Moody County,-0.05043615781094193,0.01509361127195522
2019-03-23,Moody County,-0.03150022066335021,0.36906382803152205
2019-04-08,Moody County,0.10768671500567438,0.3877787628725363
2019-04-24,Moody County,0.12297717855515827,0.45353241305912917
2019-05-10,Moody County,0.14218331607342144,0.5167525773195877
2019-05-26,Moody County,0.1699134086652589,0.6065985473347285
2019-06-11,Moody County,0.28967221135565674,0.5309315574099334
2019-06-27,Moody County,,
2019-07-13,Moody County,,
2019-07-29,Moody County,0.37255674349546003,0.6376560999039386
2019-08-14,Moody County,0.399414948750386,0.682932360277898
2019-08-30,Moody County,0.4001225181488821,0.6171649634383596
2019-09-15,Moody County,0.3494983380874763,0.5764275367843257
2019-10-01,Moody County,-0.006775707117968994,0.02484779978979515
2019-10-17,Moody County,0.18555488916749638,0.5442107731999062
2019-11-02,Moody County,0.15195294953636407,0.5256510381601271
2019-11-18,Moody County,0.1432145573967924,0.5143670058698383
2019-12-04,Moody County,-0.020389106154781518,0.5045616818722729
2020-01-05,Moody County,-0.02738915121821354,0.5169715347745281
2020-01-21,Moody County,,
2020-02-06,Moody County,,
2020-02-22,Moody County,-0.021705171717818255,0.42342280022136136
2020-03-09,Moody County,-0.013222162529320708,-0.012300399633237029
2020-03-25,Moody County,-0.0038624668337170222,0.3249807770591162
2020-04-10,Moody County,0.10882669830398164,0.3697478991596639
2020-04-26,Moody County,0.13110469468189995,0.5178715090219514
2020-05-12,Moody County,0.12161453276073059,0.25483618472548364
2020-05-28,Moody County,0.18551279485717764,0.5920302199837049
2020-06-13,Moody County,0.2345936433414708,0.5823718659862436
2020-06-29,Moody County,,
2020-07-15,Moody County,0.4153853946360796,0.5957852036904202
2020-07-31,Moody County,0.42776332555946306,0.675711045192811
2020-08-16,Moody County,0.43122389075001555,0.5852489180293882
2020-09-01,Moody County,0.36583269832841053,0.5972264094060898
2020-09-17,Moody County,0.24450033733750862,0.524102679958205
2020-10-03,Moody County,,
2020-10-19,Moody County,,
2020-11-20,Moody County,0.12685471770971357,0.5564454722355396
2020-12-06,Moody County,0.11536550217101392,0.5309901319436745
2020-12-22,Moody County,0.1186781465605243,0.4263857457049055
2021-01-07,Moody County,0.016371561035403333,0.20880332456958697
2021-01-23,Moody County,,
2021-02-08,Moody County,0.018583324419714508,0.4547718637248954
2021-02-24,Moody County,0.045818134171601244,0.41766767516400566
2021-03-12,Moody County,0.09898118859623463,0.4305741186254418
2021-03-28,Moody County,0.10278443017570954,0.4339690644240877
